timestamp, melody, chord
 0.00,C♯4,G
 0.05,-  ,G
 0.09,-  ,A
 0.14,-  ,A
 0.19,-  ,G
 0.23,A3 ,G
 0.28,C4 ,C
 0.33,C4 ,C
 0.37,C4 ,C
 0.42,G3 ,G
 0.46,G3 ,C#
 0.51,-  ,A
 0.56,-  ,A
 0.60,-  ,A
 0.65,-  ,G
 0.70,G♯3,G
 0.74,G3 ,G
 0.79,G3 ,G
 0.84,G3 ,G
 0.88,G3 ,C
 0.93,F♯3,C
 0.98,-  ,G
 1.02,-  ,A
 1.07,-  ,G
 1.11,-  ,G
 1.16,G♯3,G
 1.21,G3 ,G
 1.25,G3 ,G
 1.30,G3 ,G
 1.35,G3 ,C#
 1.39,D♯3,C#
 1.44,-  ,C#
 1.49,-  ,A
 1.53,-  ,G
 1.58,-  ,G
 1.63,G3 ,G
 1.67,G3 ,G
 1.72,G3 ,G
 1.76,G3 ,G
 1.81,G3 ,G
 1.86,-  ,G
 1.90,-  ,A
 1.95,-  ,A
 2.00,-  ,G
 2.04,E4 ,G
 2.09,C4 ,C
 2.14,C4 ,C
 2.18,C4 ,C
 2.23,C4 ,C
 2.28,C4 ,G
 2.32,-  ,C#
 2.37,-  ,A
 2.41,-  ,A
 2.46,-  ,G
 2.51,C♯4,G
 2.55,C4 ,C
 2.60,G3 ,C
 2.65,G3 ,C
 2.69,G3 ,G
 2.74,G3 ,C#
 2.79,-  ,C#
 2.83,-  ,A
 2.88,-  ,A
 2.93,-  ,G
 2.97,A♯3,G
 3.02,G3 ,G
 3.07,G3 ,G
 3.11,G3 ,G
 3.16,G3 ,C#
 3.20,F3 ,C#
 3.25,-  ,C#
 3.30,-  ,A
 3.34,-  ,A
 3.39,-  ,G
 3.44,G♯3,G
 3.48,G3 ,G
 3.53,G3 ,G
 3.58,G3 ,G
 3.62,G3 ,G
 3.67,D3 ,C#
 3.72,-  ,C#
 3.76,-  ,A
 3.81,-  ,G
 3.85,C5 ,G
 3.90,C4 ,G
 3.95,C4 ,G
 3.99,C4 ,G
 4.04,G3 ,G
 4.09,D♯4,G
 4.13,-  ,C#
 4.18,-  ,C#
 4.23,-  ,A
 4.27,-  ,G
 4.32,F4 ,G
 4.37,C4 ,G
 4.41,G3 ,G
 4.46,G3 ,G
 4.50,G3 ,G
 4.55,C4 ,G
 4.60,-  ,G
 4.64,-  ,A
 4.69,-  ,A
 4.74,-  ,G
 4.78,G3 ,G
 4.83,C4 ,G
 4.88,G3 ,G
 4.92,G3 ,G
 4.97,G3 ,G
 5.02,G3 ,C
 5.06,-  ,G
 5.11,-  ,A
 5.15,-  ,A
 5.20,-  ,G
 5.25,A3 ,G
 5.29,G3 ,G
 5.34,G3 ,G
 5.39,G3 ,G
 5.43,G3 ,G
 5.48,E3 ,G
 5.53,-  ,C#
 5.57,-  ,A
 5.62,-  ,A
 5.67,-  ,G
 5.71,G♯3,G
 5.76,G3 ,G
 5.80,G3 ,G
 5.85,G3 ,G
 5.90,G3 ,C#
 5.94,D3 ,C#
 5.99,-  ,A
 6.04,-  ,A
 6.08,-  ,G
 6.13,C♯4,G
 6.18,C4 ,C
 6.22,C4 ,C
 6.27,C4 ,C
 6.32,C4 ,G
 6.36,C♯4,G
 6.41,-  ,G
 6.46,-  ,G
 6.50,-  ,A
 6.55,-  ,G
 6.59,G♯4,G
 6.64,G3 ,G
 6.69,G3 ,G
 6.73,G3 ,G
 6.78,G3 ,G
 6.83,G♯3,C
 6.87,-  ,C#
 6.92,-  ,A
 6.97,-  ,A
 7.01,-  ,G
 7.06,C♯4,G
 7.11,G3 ,G
 7.15,G3 ,G
 7.20,G3 ,G
 7.24,G3 ,G
 7.29,F♯3,G
 7.34,-  ,G
 7.38,-  ,A
 7.43,-  ,G
 7.48,-  ,G
 7.52,G♯3,G
 7.57,G3 ,G
 7.62,G3 ,G
 7.66,G3 ,G
 7.71,G3 ,G
 7.76,D♯3,G
 7.80,-  ,G
 7.85,-  ,A
 7.89,-  ,G
 7.94,-  ,G
 7.99,C♯3,C
 8.03,D5 ,C
 8.08,D5 ,C
 8.13,C4 ,G
 8.17,C4 ,C#
 8.22,-  ,C#
 8.27,-  ,A
 8.31,-  ,A
 8.36,-  ,G
 8.41,E4 ,G
 8.45,G3 ,G
 8.50,G3 ,G
 8.54,G3 ,G
 8.59,G3 ,G
 8.64,C♯4,G
 8.68,F♯3,C#
 8.73,-  ,A
 8.78,-  ,A
 8.82,-  ,G
 8.87,B3 ,G
 8.92,G3 ,C
 8.96,G3 ,C
 9.01,G3 ,C
 9.06,G3 ,G
 9.10,G3 ,G
 9.15,E3 ,G
 9.20,-  ,A
 9.24,-  ,A
 9.29,-  ,G
 9.33,F3 ,G
 9.38,G3 ,G
 9.43,G3 ,G
 9.47,G3 ,G
 9.52,G3 ,C
 9.57,F3 ,C
 9.61,-  ,C#
 9.66,-  ,A
 9.71,-  ,A
 9.75,-  ,G
 9.80,D♯3,G
 9.85,C4 ,G
 9.89,C4 ,G
 9.94,C4 ,G
 9.98,F♯3,C
10.03,D♯3,C#
10.08,-  ,A
10.12,-  ,A
10.17,-  ,A
10.22,D♯4,G
10.26,G3 ,G
10.31,G3 ,G
10.36,G3 ,G
10.40,G3 ,G
10.45,E3 ,C#
10.50,-  ,C#
10.54,-  ,A
10.59,-  ,A
10.63,-  ,G
10.68,A♯5,G
10.73,C4 ,C
10.77,C4 ,C
10.82,C4 ,C
10.87,C4 ,C
10.91,C4 ,G
10.96,-  ,C
11.01,-  ,A
11.05,-  ,A
11.10,-  ,G
11.15,D♯4,G
11.19,C4 ,C
11.24,C4 ,C
11.28,C4 ,C
11.33,C4 ,C
11.38,G3 ,C
11.42,-  ,C
11.47,-  ,A
11.52,-  ,A
11.56,-  ,G
11.61,A3 ,G
11.66,G3 ,G
11.70,G3 ,G
11.75,G3 ,G
11.80,G3 ,G
11.84,E3 ,C#
11.89,-  ,C#
11.94,-  ,A
11.98,-  ,G
12.03,-  ,G
12.07,G♯3,G
12.12,G3 ,G
12.17,G3 ,G
12.21,G3 ,G
12.26,G3 ,G
12.31,D3 ,C#
12.35,-  ,C#
12.40,-  ,A
12.45,-  ,A
12.49,F4 ,G
12.54,G3 ,G
12.59,G3 ,G
12.63,G3 ,G
12.68,G3 ,G
12.72,G3 ,G
12.77,D♯6,G
12.82,A5 ,G
12.86,B7 ,F#
12.91,B7 ,C
12.96,G♯4,C
13.00,G3 ,C
13.05,G3 ,C
13.10,G3 ,C
13.14,G3 ,C
13.19,G5 ,C
13.24,A♯5,C
13.28,C7 ,C
13.33,D♯6,C
13.37,G♯5,G
13.42,C♯4,G
13.47,G3 ,G
13.51,G3 ,G
13.56,G3 ,G
13.61,G3 ,G
13.65,F♯7,G
13.70,G♯7,C
13.75,G♯3,C
13.79,D♯3,E
13.84,-  ,F
13.89,B3 ,F
13.93,G3 ,G
13.98,G3 ,G
14.02,G3 ,G
14.07,G3 ,F
14.12,F♯3,F
14.16,D3 ,E
14.21,D3 ,E
14.26,G3 ,D
14.30,F3 ,C#
14.35,C4 ,G
14.40,C4 ,G
14.44,G3 ,G
14.49,G3 ,G
14.54,G♯3,G
14.58,-  ,G
14.63,-  ,G
14.68,-  ,G
14.72,-  ,G
14.77,D3 ,B
14.81,G3 ,C
14.86,C4 ,C
14.91,-  ,C
14.95,-  ,C
15.00,C4 ,C
15.05,-  ,G
15.09,-  ,G
15.14,-  ,G
15.19,-  ,G
15.23,G♯3,C
15.28,G3 ,C
15.33,-  ,C
15.37,-  ,C
15.42,G3 ,C
15.46,G♯3,C
15.51,-  ,G
15.56,-  ,G
15.60,-  ,G
15.65,-  ,B
15.70,A3 ,B
15.74,G3 ,C
15.79,G3 ,C
15.84,G3 ,C
15.88,G3 ,C
15.93,F♯3,C
15.98,-  ,G
16.02,-  ,G
16.07,-  ,G
16.11,-  ,B
16.16,G♯3,C
16.21,-  ,C
16.25,-  ,C
16.30,-  ,C
16.35,-  ,C
16.39,D♯3,G
16.44,-  ,G
16.49,-  ,G
16.53,-  ,G
16.58,-  ,G
16.63,D♯3,G
16.67,F♯3,G
16.72,D3 ,G
16.76,-  ,G
16.81,A♯3,G
16.86,-  ,G
16.90,-  ,G
16.95,-  ,G
17.00,-  ,G
17.04,D3 ,G
17.09,-  ,G
17.14,-  ,G
17.18,D3 ,G
17.23,D3 ,G
17.28,C♯4,G
17.32,-  ,G
17.37,-  ,G
17.41,-  ,G
17.46,-  ,G
17.51,G3 ,G
17.55,D♯3,G
17.60,-  ,G
17.65,-  ,G
17.69,-  ,G
17.74,G3 ,G
17.79,F3 ,G
17.83,-  ,G
17.88,-  ,G
17.93,-  ,G
17.97,F♯3,G
18.02,G3 ,G
18.07,D3 ,G
18.11,D3 ,G
18.16,D3 ,G
18.20,F3 ,G
18.25,-  ,G
18.30,-  ,G
18.34,-  ,G
18.39,-  ,G
18.44,C♯3,D
18.48,D3 ,D
18.53,D3 ,D
18.58,D3 ,D
18.62,D♯3,C#
18.67,D3 ,G
18.72,-  ,G
18.76,-  ,G
18.81,-  ,G
18.85,-  ,G
18.90,D3 ,D
18.95,D3 ,D
18.99,A3 ,D
19.04,A3 ,D
19.09,G3 ,G
19.13,-  ,G
19.18,-  ,G
19.23,-  ,G
19.27,-  ,G
19.32,F3 ,G
19.37,D3 ,D
19.41,D3 ,D
19.46,A3 ,D
19.50,A3 ,D
19.55,C4 ,G
19.60,-  ,G
19.64,-  ,G
19.69,-  ,G
19.74,-  ,G
19.78,F3 ,G
19.83,D3 ,D
19.88,D3 ,D
19.92,D3 ,D
19.97,A3 ,C#
20.02,G3 ,G
20.06,-  ,G
20.11,-  ,G
20.15,-  ,G
20.20,-  ,G
20.25,F3 ,E
20.29,E3 ,E
20.34,E3 ,E
20.39,B3 ,E
20.43,B3 ,E
20.48,E3 ,E
20.53,-  ,G
20.57,-  ,G
20.62,-  ,G
20.67,-  ,G
20.71,B3 ,E
20.76,E3 ,E
20.81,B3 ,E
20.85,B3 ,E
20.90,B3 ,E
20.94,C♯3,G
20.99,-  ,G
21.04,-  ,G
21.08,-  ,G
21.13,-  ,E
21.18,E3 ,E
21.22,E3 ,E
21.27,E3 ,E
21.32,E3 ,E
21.36,C♯4,E
21.41,-  ,G
21.46,-  ,G
21.50,-  ,G
21.55,-  ,G
21.59,F3 ,E
21.64,D♯3,E
21.69,D♯3,E
21.73,G5 ,E
21.78,B3 ,E
21.83,G3 ,E
21.87,-  ,G
21.92,-  ,G
21.97,-  ,G
22.01,-  ,G
22.06,G♯3,B
22.11,G3 ,C
22.15,C4 ,C
22.20,G5 ,C
22.24,-  ,C
22.29,F♯3,G
22.34,-  ,G
22.38,-  ,G
22.43,-  ,G
22.48,-  ,B
22.52,A3 ,C
22.57,G3 ,C
22.62,G3 ,C
22.66,G3 ,C
22.71,G3 ,C
22.76,D♯3,G
22.80,-  ,G
22.85,-  ,G
22.89,-  ,G
22.94,D7 ,B
22.99,G3 ,C
23.03,G5 ,C
23.08,-  ,C
23.13,G5 ,C
23.17,E3 ,C
23.22,-  ,G
23.27,-  ,G
23.31,-  ,G
23.36,-  ,G
23.41,D7 ,C
23.45,-  ,C
23.50,-  ,C
23.55,-  ,C
23.59,G5 ,C
23.64,C4 ,G
23.68,F♯3,G
23.73,-  ,G
23.78,-  ,G
23.82,-  ,G
23.87,G3 ,F#
23.92,-  ,G
23.96,G5 ,G
24.01,G5 ,G
24.06,-  ,G
24.10,G3 ,G
24.15,F3 ,G
24.20,-  ,G
24.24,-  ,G
24.29,-  ,G
24.33,A3 ,G
24.38,-  ,G
24.43,G5 ,G
24.47,G5 ,G
24.52,D3 ,G
24.57,F3 ,G
24.61,-  ,G
24.66,-  ,G
24.71,-  ,G
24.75,D7 ,G
24.80,G3 ,G
24.85,-  ,G
24.89,D3 ,G
24.94,D3 ,G
24.98,D3 ,G
25.03,D3 ,G
25.08,-  ,G
25.12,D7 ,G
25.17,-  ,G
25.22,D7 ,G
25.26,D3 ,G
25.31,G3 ,G
25.36,-  ,G
25.40,G5 ,G
25.45,D♯3,G
25.50,-  ,G
25.54,-  ,G
25.59,-  ,G
25.63,-  ,G
25.68,G♯3,G
25.73,D3 ,D
25.77,D3 ,D
25.82,A3 ,D
25.87,A3 ,D
25.91,C4 ,G
25.96,-  ,G
26.01,-  ,G
26.05,-  ,G
26.10,-  ,G
26.15,F♯3,G
26.19,D3 ,D
26.24,D3 ,D
26.28,D3 ,D
26.33,D3 ,C#
26.38,G3 ,C#
26.42,-  ,G
26.47,-  ,G
26.52,-  ,G
26.56,D7 ,G
26.61,E3 ,D
26.66,D3 ,D
26.70,D3 ,D
26.75,A3 ,D
26.80,A3 ,C#
26.84,E3 ,G
26.89,-  ,G
26.94,-  ,G
26.98,-  ,G
27.03,D7 ,G
27.07,D3 ,D
27.12,D3 ,D
27.17,D4 ,D
27.21,G5 ,D
27.26,D3 ,C#
27.31,D3 ,C#
27.35,-  ,G
27.40,D7 ,G
27.45,-  ,G
27.49,D7 ,E
27.54,E3 ,E
27.59,E3 ,E
27.63,E3 ,E
27.68,B3 ,E
27.72,A3 ,E
27.77,G6 ,E
27.82,G6 ,E
27.86,D4 ,D#
27.91,A3 ,E
27.96,F3 ,E
28.00,E3 ,E
28.05,A3 ,E
28.10,F3 ,E
28.14,B3 ,E
28.19,D4 ,E
28.24,A♯3,E
28.28,F♯3,E
28.33,C4 ,E
28.37,G♯3,E
28.42,F3 ,E
28.47,E3 ,E
28.51,E3 ,E
28.56,A♯3,E
28.61,F♯3,E
28.65,C♯4,E
28.70,A3 ,D#
28.75,F3 ,D#
28.79,D3 ,D#
28.84,D7 ,E
28.89,F3 ,E
28.93,F3 ,E
28.98,B3 ,E
29.02,D3 ,E
29.07,A5 ,C
29.12,G♯5,C
29.16,A5 ,C
29.21,F♯6,C
29.26,G6 ,C
29.30,G♯6,C
29.35,B5 ,C
29.40,E5 ,C
29.44,E4 ,C
29.49,E4 ,C
29.54,D4 ,C
29.58,G4 ,C
29.63,G5 ,C
29.68,G5 ,C
29.72,G5 ,C
29.77,G5 ,C
29.81,G5 ,C
29.86,F♯4,C
29.91,G♯4,C
29.95,A6 ,C
30.00,C4 ,C
30.05,B5 ,C
30.09,B5 ,C
30.14,B5 ,C
30.19,C6 ,C
30.23,G6 ,C
30.28,C5 ,C
30.33,B4 ,C
30.37,B4 ,C
30.42,B4 ,C
30.46,B4 ,C
30.51,B4 ,C
30.56,B4 ,C
30.60,B4 ,C
30.65,B4 ,C
30.70,B4 ,C
30.74,A♯4,C
30.79,F4 ,C
30.84,D4 ,C
30.88,G3 ,C
30.93,A3 ,G
30.98,D5 ,G
31.02,A6 ,G
31.07,A5 ,G
31.11,A5 ,G
31.16,A5 ,G
31.21,A5 ,G
31.25,F♯6,G
31.30,A5 ,G
31.35,D5 ,G
31.39,F5 ,G
31.44,G5 ,G
31.49,G5 ,G
31.53,G5 ,G
31.58,G5 ,G
31.63,G6 ,G
31.67,F♯4,G
31.72,G♯3,G
31.76,D♯3,G
31.81,D♯3,G
31.86,D5 ,G
31.90,A6 ,G
31.95,D♯5,G
32.00,E5 ,G
32.04,E5 ,G
32.09,E5 ,G
32.14,D6 ,G
32.18,D5 ,G
32.23,D5 ,G
32.28,D5 ,G
32.32,D5 ,G
32.37,D5 ,G
32.42,D5 ,G
32.46,D5 ,G
32.51,D5 ,G
32.55,E3 ,G
32.60,F♯4,G
32.65,G3 ,G
32.69,F♯5,F#
32.74,F♯5,F#
32.79,F♯5,F#
32.83,F♯5,C#
32.88,F♯5,C#
32.93,F♯5,C#
32.97,C♯6,C#
33.02,F♯5,D
33.07,F♯5,D
33.11,D7 ,D
33.16,D3 ,D
33.20,A4 ,D
33.25,A5 ,D
33.30,A5 ,D
33.34,A5 ,D
33.39,A5 ,D
33.44,E6 ,D
33.48,E6 ,D
33.53,A4 ,D
33.58,D3 ,D
33.62,D3 ,D
33.67,B4 ,D
33.72,C5 ,D
33.76,C5 ,D
33.81,D5 ,D
33.85,D5 ,D
33.90,D5 ,D
33.95,C♯5,D
33.99,G6 ,D
34.04,G6 ,D
34.09,C5 ,D
34.13,C5 ,D
34.18,G6 ,D
34.23,G6 ,D
34.27,D3 ,D
34.32,D3 ,D
34.37,D3 ,D
34.41,C5 ,D
34.46,C5 ,D
34.50,C5 ,D
34.55,C6 ,D
34.60,B4 ,E
34.64,B6 ,E
34.69,B4 ,E
34.74,B4 ,E
34.78,B5 ,E
34.83,B4 ,E
34.88,B4 ,E
34.92,B4 ,E
34.97,B4 ,E
35.02,B4 ,E
35.06,B4 ,E
35.11,B4 ,E
35.16,B4 ,E
35.20,B4 ,E
35.25,B4 ,E
35.29,B4 ,E
35.34,B4 ,E
35.39,B4 ,E
35.43,B4 ,E
35.48,F3 ,E
35.53,E3 ,E
35.57,C4 ,E
35.62,E3 ,E
35.67,F3 ,E
35.71,G3 ,E
35.76,F3 ,E
35.81,A♯3,E
35.85,F♯4,E
35.90,C♯6,E
35.94,F♯4,E
35.99,F♯4,E
36.04,F♯4,E
36.08,F♯4,E
36.13,F♯4,E
36.18,F♯4,E
36.22,F4 ,E
36.27,E4 ,E
36.32,D♯3,E
36.36,D4 ,C
36.41,E4 ,E
36.46,E4 ,C
36.50,E4 ,C
36.55,E4 ,C
36.59,E4 ,C
36.64,E4 ,C
36.69,E4 ,C
36.73,E4 ,C
36.78,E4 ,C
36.83,E4 ,C
36.87,B6 ,C
36.92,B6 ,C
36.97,G4 ,C
37.01,B6 ,C
37.06,B6 ,C
37.11,B6 ,C
37.15,F5 ,C
37.20,C4 ,C
37.24,E4 ,C
37.29,G♯5,C
37.34,B5 ,C
37.38,B5 ,C
37.43,C6 ,C
37.48,C6 ,C
37.52,C6 ,C
37.57,C6 ,C
37.62,B5 ,C
37.66,B5 ,C
37.71,F♯6,C
37.76,B5 ,C
37.80,F♯6,C
37.85,B4 ,C
37.89,B4 ,C
37.94,B4 ,C
37.99,B4 ,C
38.03,B4 ,C
38.08,A4 ,C
38.13,F♯4,C
38.17,C♯4,C
38.22,D♯4,G
38.27,D5 ,G
38.31,D5 ,G
38.36,D5 ,G
38.41,D5 ,G
38.45,D4 ,G
38.50,D4 ,G
38.55,D4 ,G
38.59,D4 ,G
38.64,B3 ,G
38.68,G5 ,G
38.73,G5 ,G
38.78,G5 ,G
38.82,D6 ,G
38.87,G5 ,G
38.92,G5 ,G
38.96,G3 ,G
39.01,G♯3,G
39.06,G3 ,G
39.10,B3 ,G
39.15,D6 ,G
39.20,D6 ,G
39.24,E6 ,G
39.29,E6 ,G
39.33,E6 ,G
39.38,D♯6,G
39.43,A6 ,G
39.47,D5 ,G
39.52,C♯5,G
39.57,D5 ,G
39.61,D6 ,D
39.66,D6 ,D
39.71,D6 ,D
39.75,D6 ,D
39.80,C♯6,C#
39.85,B5 ,G
39.89,G♯5,G
39.94,D6 ,G
39.98,C♯6,G
40.03,F♯5,F#
40.08,F♯5,F#
40.12,F♯5,F#
40.17,F♯5,F#
40.22,F♯5,D
40.26,F♯5,D
40.31,F♯6,D
40.36,F♯5,D
40.40,F♯5,D
40.45,D3 ,D
40.50,A4 ,D
40.54,A5 ,D
40.59,A5 ,D
40.63,A5 ,D
40.68,A6 ,D
40.73,A6 ,D
40.77,A5 ,D
40.82,A5 ,D
40.87,A4 ,D
40.91,C5 ,D
40.96,D5 ,D
41.01,D5 ,D
41.05,D5 ,D
41.10,D5 ,D
41.15,D5 ,D
41.19,D5 ,D
41.24,D3 ,D
41.29,D6 ,D
41.33,D6 ,D
41.38,D7 ,D
41.42,D6 ,D
41.47,D6 ,D
41.52,D7 ,D
41.56,D6 ,D
41.61,D6 ,D
41.66,D6 ,D
41.70,D6 ,D
41.75,D6 ,D
41.80,D6 ,D
41.84,D7 ,D
41.89,D7 ,D
41.94,D7 ,D
41.98,D5 ,D
42.03,D7 ,D
42.07,D6 ,D
42.12,D7 ,D
42.17,D6 ,D
42.21,D6 ,D
42.26,D6 ,D
42.31,D6 ,D
42.35,D7 ,D
42.40,D5 ,D
42.45,D5 ,D
42.49,D5 ,D
42.54,D5 ,D
42.59,D5 ,D
42.63,D5 ,D
42.68,D6 ,D
42.72,D♯5,D#
42.77,G♯4,G#
42.82,A6 ,A
42.86,A5 ,A
42.91,B5 ,B
42.96,B6 ,B
43.00,A♯4,B
43.05,E4 ,F#
43.10,B4 ,B
43.14,F♯6,B
43.19,F♯6,B
43.24,F♯6,B
43.28,F♯6,B
43.33,B5 ,B
43.37,B5 ,B
43.42,C♯6,C#
43.47,D6 ,D
43.51,E6 ,E
43.56,E6 ,E
43.61,E6 ,E
43.65,G3 ,G
43.70,E6 ,G
43.75,E6 ,G
43.79,E6 ,G
43.84,E6 ,B
43.89,E6 ,C
43.93,G3 ,C
43.98,G3 ,C
44.03,G3 ,C
44.07,G3 ,C
44.12,D♯3,C
44.16,E6 ,G
44.21,E6 ,E
44.26,E6 ,G
44.30,E6 ,B
44.35,E6 ,B
44.40,G3 ,C
44.44,G3 ,C
44.49,G3 ,C
44.54,G3 ,C
44.58,E6 ,C
44.63,E6 ,G
44.68,E6 ,E
44.72,E6 ,G
44.77,E5 ,B
44.81,E6 ,B
44.86,B6 ,B
44.91,E6 ,C
44.95,E6 ,C
45.00,C♯4,C
45.05,B5 ,B
45.09,B5 ,B
45.14,B5 ,B
45.19,B5 ,B
45.23,B5 ,B
45.28,C6 ,A#
45.33,D6 ,A#
45.37,D5 ,G
45.42,G4 ,G
45.46,G3 ,G
45.51,D6 ,G
45.56,D6 ,G
45.60,D6 ,D
45.65,D6 ,D
45.70,D6 ,D
45.74,D6 ,D
45.79,D6 ,D
45.84,D5 ,D
45.88,A6 ,C#
45.93,F3 ,C#
45.98,A5 ,G
46.02,G5 ,G
46.07,E5 ,G
46.11,D6 ,G
46.16,D3 ,D
46.21,D3 ,D
46.25,D6 ,D
46.30,D6 ,D
46.35,B5 ,C#
46.39,D♯3,C#
46.44,C5 ,G
46.49,G6 ,G
46.53,A6 ,D
46.58,D6 ,D
46.63,D5 ,D
46.67,D5 ,D
46.72,D5 ,D
46.76,A3 ,C#
46.81,C♯5,C#
46.86,D6 ,C#
46.90,D6 ,G
46.95,C5 ,C#
47.00,C6 ,G
47.04,G6 ,G
47.09,B5 ,C
47.14,C6 ,C
47.18,C6 ,C#
47.23,A3 ,C#
47.28,B3 ,C#
47.32,G6 ,C#
47.37,C6 ,G
47.42,C6 ,G
47.46,C6 ,G
47.51,C6 ,G
47.55,C6 ,G
47.60,B5 ,G
47.65,B6 ,G
47.69,B5 ,G
47.74,G3 ,G
47.79,-  ,G
47.83,-  ,G
47.88,-  ,G
47.93,-  ,G
47.97,G♯3,G
48.02,G3 ,G
48.07,G3 ,G
48.11,D4 ,G
48.16,D4 ,G
48.20,F3 ,G
48.25,G6 ,G
48.30,G♯6,G#
48.34,A6 ,F#
48.39,D6 ,F#
48.44,D6 ,F#
48.48,C♯4,F#
48.53,D5 ,F#
48.58,D5 ,F#
48.62,C♯4,F#
48.67,D3 ,G
48.72,D6 ,G
48.76,A6 ,G
48.81,C6 ,G
48.85,C6 ,F#
48.90,G6 ,F#
48.95,C6 ,F#
48.99,C7 ,F#
49.04,C5 ,F#
49.09,C♯4,G
49.13,C6 ,G
49.18,C6 ,G
49.23,C6 ,G
49.27,C6 ,G
49.32,G6 ,G
49.37,E3 ,E
49.41,B6 ,E
49.46,B6 ,E
49.50,B6 ,E
49.55,C4 ,E
49.60,-  ,G
49.64,-  ,G
49.69,-  ,G
49.74,-  ,G
49.78,F3 ,E
49.83,E3 ,E
49.88,E3 ,E
49.92,B3 ,E
49.97,B3 ,E
50.02,G3 ,E
50.06,G6 ,G
50.11,G♯5,G
50.16,A5 ,A
50.20,A5 ,A
50.25,A5 ,E
50.29,A5 ,E
50.34,A5 ,E
50.39,A♯5,E
50.43,B5 ,E
50.48,E3 ,E
50.53,B5 ,G
50.57,B5 ,G
50.62,A♯5,G
50.67,G6 ,G
50.71,G5 ,G
50.76,G5 ,G
50.81,G5 ,G
50.85,G5 ,G
50.90,G♯5,G
50.94,C♯3,G
50.99,D6 ,G
51.04,D♯6,G
51.08,E6 ,G
51.13,E6 ,B
51.18,E6 ,C
51.22,G3 ,C
51.27,G3 ,C
51.32,G3 ,C
51.36,C4 ,C
51.41,E6 ,G
51.46,E6 ,G
51.50,E6 ,G
51.55,E6 ,G
51.59,E6 ,B
51.64,E6 ,C
51.69,E5 ,C
51.73,-  ,C
51.78,-  ,C
51.83,G3 ,C
51.87,F♯6,C
51.92,G6 ,G
51.97,G6 ,G
52.01,G6 ,G
52.06,G6 ,G
52.11,G6 ,C
52.15,F5 ,C
52.20,F♯5,C
52.24,F♯5,F#
52.29,F♯3,G
52.34,E6 ,G
52.38,E6 ,G
52.43,D♯6,G
52.48,D6 ,G
52.52,D6 ,A#
52.57,D6 ,A#
52.62,D6 ,A#
52.66,D6 ,G
52.71,D6 ,G
52.76,D♯3,G
52.80,D6 ,G
52.85,D6 ,D
52.90,D6 ,D
52.94,D6 ,D
52.99,D6 ,D
53.03,D6 ,D
53.08,D7 ,D
53.13,C♯5,D
53.17,G♯3,C#
53.22,-  ,C#
53.27,A4 ,G
53.31,G4 ,G
53.36,F5 ,G
53.41,D♯5,D
53.45,C♯3,D
53.50,D3 ,D
53.55,D3 ,D
53.59,D3 ,D
53.64,C♯4,C#
53.68,G3 ,C#
53.73,C♯6,C#
53.78,D6 ,D
53.82,D6 ,D
53.87,A6 ,D
53.92,A6 ,D
53.96,D7 ,D
54.01,D5 ,D
54.06,D5 ,D
54.10,G3 ,C#
54.15,F3 ,G#
54.20,C♯5,G#
54.24,C5 ,G
54.29,C5 ,C
54.33,D♯3,A#
54.38,F♯3,A#
54.43,G6 ,C#
54.47,C6 ,C
54.52,C6 ,C
54.57,F3 ,C#
54.61,C6 ,G
54.66,C6 ,G
54.71,C6 ,G
54.75,G6 ,G
54.80,F♯6,G
54.85,B4 ,G
54.89,B6 ,G
54.94,B5 ,G
54.98,B6 ,G
55.03,D3 ,G
55.08,-  ,G
55.12,-  ,G
55.17,-  ,G
55.22,F♯6,G
55.26,G3 ,G
55.31,B5 ,G
55.36,G3 ,G
55.40,G4 ,G
55.45,E3 ,G
55.50,-  ,G
55.54,C6 ,G
55.59,A6 ,G#
55.64,A6 ,F#
55.68,D6 ,F#
55.73,F♯3,F#
55.77,D5 ,F#
55.82,D5 ,F#
55.87,D5 ,F#
55.91,C♯4,G
55.96,D6 ,G
56.01,D6 ,G
56.05,G♯6,G
56.10,C6 ,G
56.15,C6 ,F#
56.19,C6 ,F#
56.24,C7 ,F#
56.29,C♯4,F#
56.33,C♯4,F#
56.38,G6 ,F#
56.42,C6 ,G
56.47,C6 ,C
56.52,C6 ,E
56.56,C6 ,E
56.61,C6 ,E
56.66,G6 ,E
56.70,B6 ,E
56.75,B6 ,E
56.80,B6 ,E
56.84,E5 ,E
56.89,E5 ,E
56.94,E4 ,E
56.98,A♯3,E
57.03,G♯3,E
57.07,D♯3,E
57.12,E3 ,E
57.17,D♯3,E
57.21,E3 ,E
57.26,F6 ,E
57.31,E5 ,E
57.35,G5 ,G
57.40,G6 ,G
57.45,G♯5,G#
57.49,A5 ,E
57.54,A5 ,E
57.59,A5 ,E
57.63,A5 ,E
57.68,A5 ,E
57.72,B5 ,E
57.77,B5 ,B
57.82,B5 ,B
57.86,B5 ,B
57.91,B5 ,D
57.96,G5 ,D
58.00,G5 ,D
58.05,G6 ,G
58.10,G5 ,G
58.14,G5 ,G
58.19,C4 ,G
58.24,B5 ,G
58.28,B5 ,G
58.33,B5 ,B
58.37,B5 ,B
58.42,B5 ,B
58.47,E5 ,C
58.51,E4 ,C
58.56,B5 ,C
58.61,D♯4,C
58.65,G3 ,C
58.70,G5 ,G
58.75,G5 ,G
58.79,G5 ,G
58.84,G5 ,G
58.89,G6 ,G
58.93,G5 ,G
58.98,G5 ,C
59.03,F♯5,C
59.07,F♯3,C
59.12,D♯3,C
59.16,C6 ,C
59.21,B5 ,B
59.26,C6 ,C
59.30,C6 ,C
59.35,C6 ,C
59.40,B5 ,C
59.44,B5 ,B
59.49,C5 ,C
59.54,D♯7,B
59.58,-  ,G
59.63,B5 ,B
59.68,B5 ,B
59.72,B5 ,B
59.77,B5 ,B
59.81,B5 ,A#
59.86,E4 ,A#
59.91,B4 ,G
59.95,D4 ,G
60.00,C4 ,G
60.05,F♯3,G
60.09,A5 ,A
60.14,A5 ,A
60.19,A5 ,A
60.23,A5 ,D
60.28,A5 ,D
60.33,A5 ,D
60.37,D6 ,D
60.42,D6 ,D
60.46,G3 ,C#
60.51,F♯6,G
60.56,F♯6,G
60.60,F♯6,F#
60.65,F♯6,F#
60.70,F♯6,D
60.74,D3 ,D
60.79,D3 ,D
60.84,G4 ,D
60.88,A3 ,C#
60.93,F3 ,C#
60.98,A6 ,G
61.02,D6 ,G
61.07,E6 ,G
61.11,E6 ,E
61.16,E6 ,D
61.21,D♯6,D
61.25,D6 ,D
61.30,D7 ,D
61.35,D5 ,D
61.39,D♯3,C#
61.44,D6 ,G#
61.49,D6 ,G#
61.53,D6 ,D
61.58,D6 ,A#
61.63,C6 ,C
61.67,A5 ,G#
61.72,F3 ,G
61.77,D3 ,G
61.81,G5 ,G
61.86,G5 ,G
61.90,G5 ,G
61.95,G5 ,G
62.00,G5 ,G
62.04,D6 ,G
62.09,G5 ,G
62.14,G5 ,G
62.18,G4 ,G
62.23,D4 ,G
62.28,C♯4,G
62.32,B5 ,G
62.37,B5 ,B
62.42,B5 ,F#
62.46,B5 ,G
62.51,B5 ,G
62.55,F♯6,G
62.60,G3 ,G
62.65,G3 ,G
62.69,B4 ,G
62.74,G3 ,G
62.79,G6 ,G
62.83,G6 ,G
62.88,A6 ,A
62.93,A6 ,A
62.97,A6 ,F#
63.02,A6 ,F#
63.07,F♯6,F#
63.11,F♯6,F#
63.16,F♯5,F#
63.20,F3 ,G
63.25,F♯5,G
63.30,F♯5,F#
63.34,F♯5,G
63.39,F♯5,F#
63.44,F♯3,F#
63.48,F♯5,F#
63.53,G5 ,G
63.58,G5 ,G
63.62,G5 ,G
63.67,D3 ,G
63.72,G5 ,G
63.76,G5 ,G
63.81,G5 ,G
63.85,D7 ,G
63.90,E3 ,E
63.95,G6 ,E
63.99,G6 ,E
64.04,F♯5,E
64.09,F♯5,E
64.13,E6 ,E
64.18,E5 ,E
64.23,F5 ,E
64.27,D♯5,E
64.32,F3 ,E
64.37,E3 ,E
64.41,E3 ,E
64.46,G6 ,E
64.51,B3 ,E
64.55,B3 ,E
64.60,-  ,G
64.64,G6 ,G
64.69,-  ,G
64.74,G5 ,G
64.78,F3 ,E
64.83,D♯3,E
64.88,D7 ,E
64.92,B3 ,E
64.97,G5 ,E
65.02,G3 ,E
65.06,F♯6,G
65.11,F♯6,G
65.16,F♯6,G
65.20,F♯6,F#
65.25,F♯6,F#
65.29,F6 ,G
65.34,E6 ,E
65.39,E5 ,E
65.43,E6 ,E
65.48,E3 ,G
65.53,B5 ,G
65.57,B5 ,B
65.62,B5 ,B
65.67,B5 ,B
65.71,B5 ,B
65.76,B5 ,B
65.81,B5 ,B
65.85,E6 ,E
65.90,C6 ,C
65.94,C♯3,G
65.99,G5 ,G
66.04,G5 ,G
66.08,G5 ,G
66.13,G5 ,G
66.18,B6 ,B
66.22,G3 ,C
66.27,G3 ,C
66.32,G3 ,C
66.36,A5 ,C
66.41,B5 ,C
66.46,B5 ,C
66.50,C6 ,G
66.55,C6 ,C
66.59,C6 ,C
66.64,C6 ,C
66.69,B5 ,B
66.73,F♯7,C
66.78,B4 ,B
66.83,G♯3,G
66.87,B5 ,B
66.92,F♯6,B
66.97,B5 ,B
67.01,B5 ,G
67.06,B5 ,A#
67.11,G5 ,G
67.15,A5 ,A
67.20,G3 ,G
67.24,B4 ,G
67.29,F♯3,G
67.34,D4 ,G
67.38,D4 ,D
67.43,D5 ,D
67.48,D5 ,D
67.52,D5 ,D
67.57,D5 ,D
67.62,D5 ,D
67.66,D3 ,D
67.71,C♯4,C#
67.76,D♯3,C#
67.80,F♯6,F#
67.85,F♯5,F#
67.90,C♯6,F#
67.94,C♯6,C#
67.99,C♯6,C#
68.03,C♯6,C#
68.08,F♯6,D
68.13,F4 ,D
68.17,G♯4,C#
68.22,-  ,C#
68.27,D6 ,A
68.31,D6 ,A
68.36,E6 ,G
68.41,E6 ,E
68.45,E6 ,D
68.50,A5 ,D
68.55,D5 ,D
68.59,C♯5,C#
68.64,C♯4,C#
68.68,A6 ,C#
68.73,D6 ,G#
68.78,D6 ,G#
68.82,D6 ,G#
68.87,D6 ,C#
68.92,A5 ,G#
68.96,G5 ,G
69.01,D3 ,C#
69.06,D3 ,C#
69.10,G3 ,C#
69.15,G6 ,G
69.20,G4 ,G
69.24,G4 ,G
69.29,D6 ,G
69.33,D6 ,G
69.38,D6 ,G
69.43,D6 ,G
69.47,G5 ,G
69.52,G4 ,G
69.57,F3 ,G
69.61,F♯6,G
69.66,B5 ,G
69.71,B5 ,G
69.75,B5 ,G
69.80,B5 ,G
69.85,F♯6,G
69.89,D4 ,G
69.94,B4 ,G
69.98,B4 ,G
70.03,D3 ,G
70.08,G6 ,G
70.12,G♯6,G#
70.17,A6 ,A
70.22,A6 ,A
70.26,A6 ,F#
70.31,G6 ,F#
70.36,F♯6,F#
70.40,F♯6,F#
70.45,F♯5,F#
70.50,F♯6,G
70.54,F♯6,F#
70.59,F♯5,F#
70.64,F♯5,F#
70.68,F♯6,F#
70.73,F♯3,F#
70.77,F♯5,F#
70.82,F♯5,F#
70.87,F♯5,F#
70.91,F♯6,F#
70.96,G5 ,F#
71.01,G5 ,G
71.05,G5 ,G
71.10,G5 ,E
71.15,G5 ,E
71.19,G5 ,E
71.24,G5 ,E
71.29,D7 ,E
71.33,G5 ,E
71.38,G5 ,E
71.42,G5 ,E
71.47,G5 ,G
71.52,G5 ,G
71.56,G5 ,E
71.61,D7 ,E
71.66,F5 ,E
71.70,E6 ,E
71.75,E5 ,E
71.80,E5 ,E
71.84,C4 ,E
71.89,A3 ,E
71.94,G6 ,D#
71.98,A♯3,E
72.03,G5 ,E
72.07,E3 ,E
72.12,G5 ,E
72.17,G5 ,E
72.21,A♯3,E
72.26,F♯3,E
72.31,B3 ,E
72.35,G♯3,E
72.40,D7 ,D
72.45,G6 ,C#
72.49,D7 ,D
72.54,D3 ,D
72.59,D♯3,D
72.63,E3 ,D
72.68,G5 ,G
72.72,C♯4,G
72.77,-  ,G
72.82,-  ,G
72.86,-  ,G
72.91,F6 ,G
72.96,A3 ,B
73.00,G3 ,C
73.05,B5 ,C
73.10,G3 ,C
73.14,F5 ,C
73.19,C4 ,C
73.24,G♯3,C
73.28,A♯4,G
73.33,G♯4,G
73.38,A4 ,A
73.42,G♯3,C
73.47,A♯4,B
73.51,B4 ,B
73.56,G4 ,C
73.61,C4 ,C
73.65,F♯3,C
73.70,A♯4,B
73.75,B4 ,B
73.79,B4 ,B
73.84,B4 ,B
73.89,F♯5,B
73.93,A♯4,C
73.98,A4 ,C
74.03,G♯3,C
74.07,G3 ,C
74.12,D♯3,C
74.16,F5 ,G
74.21,D5 ,G
74.26,A4 ,A
74.30,A4 ,A
74.35,A3 ,C
74.40,G3 ,B
74.44,B4 ,B
74.49,B4 ,B
74.54,B4 ,B
74.58,B4 ,G
74.63,F♯5,F#
74.68,F♯5,F#
74.72,F♯5,F#
74.77,F♯5,F#
74.81,F♯5,F#
74.86,A♯4,G
74.91,A3 ,G
74.95,A3 ,G
75.00,C♯4,G
75.05,F♯3,G
75.09,-  ,G
75.14,-  ,G
75.19,-  ,G
75.23,G♯3,G
75.28,D♯3,G
75.33,D5 ,G
75.37,F♯6,G
75.42,F♯6,G
75.46,G3 ,G
75.51,E3 ,G
75.56,-  ,G
75.60,-  ,G
75.65,-  ,G
75.70,G3 ,G
75.74,D3 ,G
75.79,D3 ,G
75.84,D3 ,G
75.88,F6 ,G
75.93,F♯3,G
75.98,-  ,G
76.02,-  ,G
76.07,-  ,G
76.12,G3 ,G
76.16,G3 ,G
76.21,G3 ,G
76.25,G3 ,G
76.30,D3 ,G
76.35,-  ,G
76.39,D♯3,G
76.44,A3 ,G
76.49,A3 ,A
76.53,A3 ,A
76.58,A3 ,G
76.63,D3 ,D
76.67,D3 ,D
76.72,D3 ,D
76.77,A3 ,D
76.81,D♯3,C#
76.86,-  ,G
76.90,-  ,G
76.95,-  ,G
77.00,-  ,G
77.04,E3 ,G
77.09,D3 ,D
77.14,D4 ,D
77.18,D4 ,D
77.23,F♯6,D
77.28,C4 ,G
77.32,-  ,G
77.37,-  ,G
77.42,-  ,G
77.46,-  ,G
77.51,F♯3,D
77.55,D3 ,D
77.60,D3 ,D
77.65,D3 ,D
77.69,D3 ,D
77.74,G3 ,C#
77.79,-  ,G
77.83,-  ,G
77.88,-  ,G
77.93,G3 ,G
77.97,F♯3,G
78.02,D3 ,D
78.07,G♯3,D
78.11,F3 ,C#
78.16,F♯3,G
78.20,F3 ,G
78.25,G4 ,G
78.30,F♯3,F#
78.34,F♯3,F#
78.39,F♯3,F#
78.44,F3 ,F#
78.48,F3 ,E
78.53,F3 ,E
78.58,E3 ,E
78.62,E3 ,E
78.67,D3 ,E
78.72,-  ,G
78.76,-  ,G
78.81,-  ,G
78.85,-  ,E
78.90,D♯3,E
78.95,E4 ,E
78.99,B3 ,E
79.04,B3 ,E
79.09,C♯4,E
79.13,-  ,E
79.18,A5 ,G
79.23,A5 ,G
79.27,F♯5,G
79.32,F♯5,E
79.37,F♯5,E
79.41,A5 ,E
79.46,G5 ,E
79.51,E5 ,E
79.55,C♯4,E
79.60,-  ,E
79.64,E5 ,G
79.69,G5 ,G
79.74,G5 ,G
79.78,F3 ,E
79.83,E3 ,E
79.88,G5 ,E
79.92,B5 ,E
79.97,B5 ,E
80.02,G3 ,E
80.06,-  ,G
80.11,G5 ,G
80.16,F♯5,G
80.20,F♯6,G
80.25,G3 ,C
80.29,G3 ,C
80.34,G3 ,C
80.39,G3 ,C
80.43,D♯4,C
80.48,E3 ,C
80.53,G4 ,G
80.57,G4 ,G
80.62,A4 ,G
80.67,A4 ,A
80.71,A3 ,C
80.76,A3 ,C
80.81,B4 ,B
80.85,G♯3,C
80.90,G3 ,C
80.94,C♯3,C
80.99,F♯5,B
81.04,F♯5,B
81.08,F♯5,B
81.13,D♯6,B
81.18,D♯6,B
81.22,F5 ,C
81.27,A4 ,C
81.32,G3 ,C
81.36,D5 ,C
81.41,G5 ,G
81.46,G5 ,G
81.50,G3 ,G
81.55,E5 ,A
81.59,A4 ,A
81.64,A4 ,B
81.69,B4 ,B
81.73,B4 ,B
81.78,B3 ,B
81.83,C4 ,C
81.87,F♯5,G
81.92,F♯5,F#
81.97,D♯6,F#
82.01,D♯6,F#
82.06,D♯6,F#
82.11,F♯5,F#
82.15,E5 ,G
82.20,B4 ,G
82.25,D4 ,G
82.29,F♯3,G
82.34,-  ,G
82.38,-  ,G
82.43,G3 ,G
82.48,-  ,G
82.52,G3 ,G
82.57,A5 ,G
82.62,D5 ,G
82.66,A5 ,G
82.71,D4 ,G
82.76,D♯3,G
82.80,-  ,G
82.85,-  ,G
82.90,-  ,G
82.94,-  ,G
82.99,D3 ,G
83.03,G3 ,G
83.08,G3 ,G
83.13,D3 ,G
83.17,D3 ,G
83.22,-  ,G
83.27,-  ,G
83.31,-  ,G
83.36,G4 ,G
83.41,F♯3,G
83.45,F3 ,G
83.50,G4 ,G
83.55,G4 ,G
83.59,G4 ,G
83.64,G♯4,G
83.68,A4 ,G
83.73,A4 ,A
83.78,A4 ,A
83.82,A3 ,G
83.87,G3 ,G
83.92,D3 ,D
83.96,A3 ,D
84.01,A3 ,D
84.06,A3 ,C#
84.10,G3 ,G
84.15,-  ,G
84.20,-  ,G
84.24,-  ,G
84.29,-  ,G
84.33,F3 ,G
84.38,F♯5,G
84.43,E5 ,D
84.47,B5 ,D
84.52,B5 ,C#
84.57,F3 ,C#
84.61,C♯6,C#
84.66,C♯6,F#
84.71,F♯6,F#
84.75,F♯6,F#
84.80,C♯6,C#
84.85,C♯6,C#
84.89,C♯6,D
84.94,A♯6,C#
84.99,F♯5,C#
85.03,D3 ,C#
85.08,G5 ,G
85.12,F5 ,G
85.17,C♯6,G
85.22,E5 ,E
85.26,E5 ,D
85.31,D3 ,D
85.36,F♯5,D
85.40,D3 ,D
85.45,F3 ,C#
85.50,-  ,C#
85.54,G5 ,G
85.59,F5 ,E
85.64,E4 ,E
85.68,E4 ,E
85.73,E4 ,E
85.77,E4 ,E
85.82,E5 ,E
85.87,E5 ,E
85.91,E5 ,E
85.96,F♯5,G
86.01,F♯6,F#
86.05,F♯5,G
86.10,F♯6,G
86.15,F♯4,E
86.19,E3 ,E
86.24,F♯5,E
86.29,E5 ,E
86.33,B3 ,E
86.38,G3 ,E
86.42,-  ,G
86.47,E4 ,G
86.52,C♯4,G
86.56,B3 ,G
86.61,F3 ,E
86.66,E3 ,E
86.70,E5 ,E
86.75,E5 ,E
86.80,E4 ,E
86.84,E3 ,E
86.89,A5 ,G
86.94,A5 ,A
86.98,D5 ,G
87.03,D4 ,E
87.07,D4 ,E
87.12,G4 ,E
87.17,C♯7,E
87.21,A5 ,E
87.26,A5 ,E
87.31,D3 ,G
87.35,-  ,G
87.40,-  ,G
87.45,-  ,G
87.49,F♯4,G
87.54,G3 ,C
87.59,G4 ,C
87.63,A4 ,C
87.68,A4 ,A
87.72,A4 ,A
87.77,-  ,G
87.82,-  ,G
87.86,-  ,G
87.91,-  ,G
87.96,A3 ,B
88.00,G4 ,B
88.05,A5 ,C
88.10,A6 ,C
88.14,A5 ,A
88.19,C4 ,G
88.24,A5 ,G
88.28,A5 ,G
88.33,B4 ,B
88.38,-  ,G
88.42,G♯3,C
88.47,G3 ,C
88.51,D5 ,C
88.56,A5 ,C
88.61,D6 ,C
88.65,F♯3,C
88.70,-  ,G
88.75,D5 ,G
88.79,-  ,G
88.84,-  ,C
88.89,C4 ,C
88.93,C4 ,C
88.98,A4 ,C
89.03,A5 ,C
89.07,A5 ,G
89.12,D♯3,G
89.16,-  ,G
89.21,-  ,G
89.26,-  ,G
89.30,G3 ,G
89.35,D3 ,G
89.40,E6 ,G
89.44,A5 ,G
89.49,A5 ,G
89.54,A5 ,G
89.58,E6 ,G
89.63,-  ,G
89.68,-  ,G
89.72,-  ,G
89.77,A3 ,G
89.81,C♯3,G
89.86,A♯5,G
89.91,A6 ,G
89.95,A5 ,G
90.00,A5 ,G
90.05,A6 ,G
90.09,A5 ,G
90.14,B5 ,G
90.19,B4 ,G
90.23,A♯3,G
90.28,-  ,G
90.33,F♯3,G
90.37,D3 ,G
90.42,D3 ,G
90.46,G3 ,G
90.51,G5 ,G
90.56,G5 ,G
90.60,G5 ,G
90.65,G5 ,G
90.70,G5 ,G
90.74,F5 ,G
90.79,F♯5,G
90.84,A5 ,G
90.88,F5 ,G
90.93,F3 ,G
90.98,D6 ,G
91.02,D6 ,G
91.07,E6 ,G
91.12,A5 ,G
91.16,D3 ,D
91.21,D3 ,D
91.25,G4 ,D
91.30,A5 ,A
91.35,A5 ,A
91.39,D♯3,C#
91.44,A5 ,A
91.49,A5 ,A
91.53,A4 ,A
91.58,A5 ,A
91.63,A5 ,A
91.67,A3 ,D
91.72,A3 ,D
91.77,A3 ,D
91.81,C♯3,D
91.86,G5 ,G
91.90,G5 ,G
91.95,G♯5,G
92.00,A5 ,A
92.04,A4 ,D
92.09,D3 ,D
92.14,A5 ,D
92.18,A5 ,D
92.23,A5 ,A
92.28,C4 ,C#
92.32,-  ,G
92.37,A♯5,G
92.42,G♯5,G
92.46,A5 ,A
92.51,E6 ,G
92.55,A5 ,D
92.60,D3 ,D
92.65,D3 ,D
92.69,E5 ,C#
92.74,G3 ,C#
92.79,A5 ,C#
92.83,A5 ,A
92.88,A5 ,A
92.93,A5 ,A
92.97,A5 ,E
93.02,A♯4,E
93.07,B4 ,E
93.11,B4 ,E
93.16,B4 ,E
93.20,F3 ,E
93.25,B4 ,G
93.30,B4 ,G
93.34,-  ,G
93.39,B4 ,E
93.44,E3 ,E
93.48,E3 ,E
93.53,E3 ,E
93.58,F♯5,E
93.62,E4 ,E
93.67,D3 ,G
93.72,-  ,G
93.76,G5 ,G
93.81,G5 ,G
93.86,G5 ,G
93.90,E3 ,E
93.95,C6 ,E
93.99,D6 ,E
94.04,A5 ,E
94.09,A5 ,E
94.13,-  ,G
94.18,-  ,G
94.23,-  ,G
94.27,-  ,G
94.32,E3 ,E
94.37,E3 ,E
94.41,G♯5,E
94.46,A5 ,E
94.51,A5 ,E
94.55,B3 ,G
94.60,-  ,G
94.64,-  ,G
94.69,-  ,G
94.74,-  ,G
94.78,G♯3,G
94.83,F♯4,C
94.88,A5 ,C
94.92,A5 ,C
94.97,A5 ,C
95.02,G3 ,G
95.06,-  ,G
95.11,-  ,G
95.16,G3 ,G
95.20,-  ,G
95.25,G♯3,C
95.29,G3 ,C
95.34,G♯5,C
95.39,A6 ,C
95.43,A6 ,C
95.48,E3 ,C
95.53,A5 ,G
95.57,A6 ,G#
95.62,F5 ,G
95.67,-  ,C
95.71,G3 ,C
95.76,C4 ,C
95.81,D5 ,C
95.85,A5 ,C
95.90,D5 ,C
95.94,C♯3,G
95.99,D5 ,G
96.04,-  ,G
96.08,-  ,G
96.13,C♯4,G
96.18,G3 ,C
96.22,G5 ,G
96.27,A5 ,C
96.32,A5 ,G
96.36,C♯4,G
96.41,-  ,G
96.46,-  ,G
96.50,-  ,G
96.55,-  ,G
96.60,F♯3,G
96.64,D♯3,G
96.69,G4 ,G
96.73,A4 ,G
96.78,A5 ,G
96.83,G3 ,G
96.87,-  ,G
96.92,-  ,G
96.97,-  ,G
97.01,-  ,G
97.06,A♯3,G
97.11,F♯5,F#
97.15,A5 ,G
97.20,A6 ,G
97.25,A6 ,G
97.29,F♯3,G
97.34,-  ,G
97.38,F♯6,G
97.43,B6 ,G
97.48,B6 ,G
97.52,B6 ,G
97.57,B5 ,G
97.62,A5 ,G
97.66,F♯5,G
97.71,G3 ,G
97.76,D♯3,G
97.80,D5 ,G
97.85,D5 ,G
97.90,D5 ,G
97.94,G♯3,G
97.99,D♯3,G
98.03,G3 ,G
98.08,G3 ,G
98.13,-  ,G
98.17,E5 ,G
98.22,-  ,G
98.27,A5 ,G
98.31,A6 ,G
98.36,A6 ,G
98.41,A5 ,G
98.45,D3 ,D
98.50,D3 ,D
98.55,G♯5,D
98.59,A5 ,C#
98.64,C4 ,G
98.68,A5 ,G
98.73,-  ,G
98.78,-  ,G
98.82,E4 ,G
98.87,G3 ,G
98.92,E6 ,D
98.96,A6 ,D
99.01,A6 ,D
99.06,G♯5,G#
99.10,G3 ,G
99.15,A6 ,G
99.20,A6 ,G
99.24,A6 ,A
99.29,E6 ,G
99.33,F3 ,D
99.38,D3 ,D
99.43,D3 ,D
99.47,G♯5,D
99.52,G5 ,G
99.57,F3 ,G
99.61,-  ,G
99.66,-  ,G
99.71,F♯5,G
99.75,F♯5,F#
99.80,F♯5,D
99.85,F♯5,D
99.89,F♯4,D
99.94,A3 ,D
99.99,A3 ,D
100.03,A♯5,D
100.08,F♯5,F#
100.12,F♯5,F#
100.17,F♯5,F#
100.22,F♯5,E
100.26,F♯5,E
100.31,E5 ,E
100.36,E5 ,E
100.40,B3 ,E
100.45,A♯4,E
100.50,C5 ,E
100.54,B6 ,E
100.59,D♯4,D#
100.64,G6 ,D#
100.68,D5 ,D
100.73,E3 ,E
100.77,E5 ,E
100.82,E4 ,E
100.87,B3 ,E
100.91,D4 ,E
100.96,E4 ,E
101.01,E4 ,E
101.05,E4 ,E
101.10,E5 ,E
101.15,E5 ,E
101.19,E3 ,E
101.24,E3 ,E
101.29,B3 ,E
101.33,G3 ,E
101.38,E5 ,E
101.42,E5 ,E
101.47,E5 ,E
101.52,E5 ,E
101.56,E4 ,E
101.61,D4 ,D#
101.66,F3 ,E
101.70,E3 ,E
101.75,E4 ,E
101.80,A5 ,E
101.84,G♯5,C
101.89,F♯6,C
101.94,F♯6,C
101.98,A♯5,C
102.03,G♯6,C
102.07,G♯6,C
102.12,E5 ,C
102.17,E4 ,C
102.21,E4 ,C
102.26,D♯4,C
102.31,G♯4,C
102.35,G5 ,C
102.40,G5 ,C
102.45,G5 ,C
102.49,G5 ,C
102.54,G5 ,C
102.59,F♯4,C
102.63,G3 ,C
102.68,F6 ,C
102.73,A6 ,C
102.77,B5 ,C
102.82,B5 ,C
102.86,B5 ,C
102.91,C6 ,C
102.96,G6 ,C
103.00,C5 ,C
103.05,C5 ,C
103.10,B4 ,C
103.14,B4 ,C
103.19,B4 ,C
103.24,B4 ,C
103.28,B4 ,C
103.33,B4 ,C
103.38,B4 ,C
103.42,B4 ,C
103.47,A♯4,C
103.51,D♯4,C
103.56,D4 ,C
103.61,C♯4,C
103.65,A3 ,G
103.70,D5 ,G
103.75,D5 ,G
103.79,A5 ,G
103.84,A5 ,G
103.89,A5 ,G
103.93,A5 ,G
103.98,F♯6,G
104.03,A5 ,G
104.07,D5 ,G
104.12,F5 ,G
104.16,G5 ,G
104.21,G6 ,G
104.26,G5 ,G
104.30,G5 ,G
104.35,G6 ,G
104.40,F♯4,G
104.44,G♯3,G
104.49,G3 ,G
104.54,D♯3,G
104.58,D5 ,G
104.63,A6 ,G
104.68,D♯5,G
104.72,E5 ,G
104.77,E6 ,G
104.81,E5 ,G
104.86,D6 ,G
104.91,D5 ,G
104.95,D5 ,G
105.00,D5 ,G
105.05,D5 ,G
105.09,D5 ,G
105.14,D5 ,G
105.19,D5 ,G
105.23,D5 ,G
105.28,C♯5,G
105.33,F♯4,G
105.37,G3 ,G
105.42,F♯5,F#
105.47,F♯5,F#
105.51,F♯5,F#
105.56,F♯5,C#
105.60,F♯5,C#
105.65,F♯5,C#
105.70,F♯5,C#
105.74,F♯5,C#
105.79,F♯5,D
105.84,D7 ,D
105.88,D3 ,D
105.93,A3 ,D
105.98,A5 ,D
106.02,A5 ,D
106.07,A5 ,D
106.12,A5 ,D
106.16,E6 ,D
106.21,E6 ,D
106.25,E6 ,D
106.30,D4 ,D
106.35,D4 ,D
106.39,C5 ,D
106.44,C5 ,D
106.49,C6 ,D
106.53,D5 ,D
106.58,D5 ,D
106.63,D5 ,D
106.67,D5 ,D
106.72,G6 ,D
106.77,G6 ,D
106.81,C5 ,D
106.86,C5 ,D
106.90,G6 ,D
106.95,G6 ,D
107.00,C5 ,D
107.04,F♯4,D
107.09,F♯4,D
107.14,C5 ,D
107.18,C5 ,D
107.23,C5 ,D
107.28,C7 ,D
107.32,B4 ,E
107.37,B4 ,E
107.42,B4 ,E
107.46,B4 ,E
107.51,A♯3,E
107.55,B4 ,E
107.60,B4 ,E
107.65,B4 ,E
107.69,B4 ,E
107.74,B4 ,E
107.79,B4 ,E
107.83,B4 ,E
107.88,B4 ,E
107.93,B4 ,E
107.97,B4 ,E
108.02,B4 ,E
108.07,B4 ,E
108.11,B4 ,E
108.16,B4 ,E
108.20,F3 ,E
108.25,F3 ,E
108.30,C4 ,E
108.34,E3 ,E
108.39,F3 ,E
108.44,G3 ,E
108.48,F3 ,E
108.53,F3 ,E
108.58,F♯4,E
108.62,C♯6,E
108.67,F♯4,E
108.72,F♯4,E
108.76,F♯4,E
108.81,F♯4,E
108.86,F♯4,E
108.90,F♯4,E
108.95,F4 ,E
108.99,E4 ,E
109.04,D♯3,E
109.09,C♯4,C
109.13,E4 ,E
109.18,E4 ,C
109.23,E4 ,C
109.27,E4 ,C
109.32,E4 ,C
109.37,E4 ,C
109.41,E4 ,C
109.46,E4 ,C
109.51,D♯4,C
109.55,E4 ,C
109.60,B6 ,C
109.64,B6 ,C
109.69,G5 ,C
109.74,G4 ,C
109.78,B6 ,C
109.83,B6 ,C
109.88,F♯5,C
109.92,F4 ,C
109.97,B5 ,C
110.02,A5 ,C
110.06,B5 ,C
110.11,B5 ,C
110.16,C6 ,C
110.20,C6 ,C
110.25,C6 ,C
110.29,C6 ,C
110.34,B5 ,C
110.39,B5 ,C
110.43,F♯6,C
110.48,B4 ,C
110.53,F♯6,C
110.57,B4 ,C
110.62,B4 ,C
110.67,B4 ,C
110.71,B4 ,C
110.76,B4 ,C
110.81,A4 ,C
110.85,F♯4,C
110.90,C4 ,C
110.94,D♯4,G
110.99,D5 ,G
111.04,D5 ,G
111.08,D5 ,G
111.13,D5 ,G
111.18,D4 ,G
111.22,D4 ,G
111.27,G♯3,G
111.32,G3 ,G
111.36,C4 ,G
111.41,G5 ,G
111.46,G5 ,G
111.50,G5 ,G
111.55,G5 ,G
111.60,G5 ,G
111.64,G5 ,G
111.69,G5 ,G
111.73,D5 ,G
111.78,D♯4,G
111.83,A♯3,G
111.87,D5 ,G
111.92,D6 ,G
111.97,E6 ,G
112.01,E6 ,G
112.06,E6 ,G
112.11,D♯6,G
112.15,A6 ,G
112.20,D5 ,G
112.25,C♯5,G
112.29,D5 ,G
112.34,D6 ,G
112.38,D6 ,D
112.43,D6 ,F#
112.48,D6 ,F#
112.52,C♯6,G
112.57,B5 ,G
112.62,G♯5,G
112.66,D6 ,G
112.71,C♯6,G
112.76,F♯5,F#
112.80,F♯5,F#
112.85,F♯5,F#
112.90,F♯5,D#
112.94,F♯5,D
112.99,F♯5,D
113.03,F♯6,D
113.08,F♯5,D
113.13,F♯5,D
113.17,A4 ,D
113.22,A4 ,D
113.27,A5 ,D
113.31,A5 ,D
113.36,A5 ,D
113.41,A5 ,D
113.45,A6 ,D
113.50,A5 ,D
113.55,A5 ,D
113.59,A4 ,D
113.64,C5 ,D
113.68,D5 ,D
113.73,D5 ,D
113.78,D5 ,D
113.82,D5 ,D
113.87,D5 ,D
113.92,D5 ,D
113.96,D6 ,D
114.01,D7 ,D
114.06,D6 ,D
114.10,D7 ,D
114.15,D7 ,D
114.20,D6 ,D
114.24,D6 ,D
114.29,D6 ,D
114.34,D7 ,D
114.38,D6 ,D
114.43,D6 ,D
114.47,D6 ,D
114.52,D7 ,D
114.57,D7 ,D
114.61,D7 ,D
114.66,D7 ,D
114.71,D5 ,D
114.75,D7 ,D
114.80,D7 ,D
114.85,D7 ,D
114.89,D6 ,D
114.94,D6 ,D
114.99,D6 ,D
115.03,D6 ,D
115.08,D7 ,D
115.12,D5 ,D
115.17,D5 ,D
115.22,D5 ,D
115.26,D5 ,D
115.31,D5 ,D
115.36,D5 ,D
115.40,D7 ,D
115.45,A5 ,D
115.50,E4 ,E
115.54,E4 ,E
115.59,E4 ,E
115.64,G5 ,G
115.68,G4 ,G
115.73,A5 ,A
115.77,A4 ,A
115.82,B3 ,A
115.87,G♯3,G
115.91,G4 ,G
115.96,A3 ,B
116.01,F♯6,F#
116.05,D♯3,A
116.10,A5 ,A
116.15,D3 ,A
116.19,B4 ,A
116.24,F♯6,A
116.29,D5 ,G
116.33,D6 ,D
116.38,G3 ,G
116.42,E5 ,G
116.47,E5 ,G
116.52,F♯5,G
116.56,F♯5,G
116.61,G♯3,B
116.66,G5 ,G
116.70,G3 ,C
116.75,A5 ,C
116.80,A5 ,C
116.84,E3 ,B
116.89,B5 ,B
116.94,B5 ,B
116.98,B5 ,B
117.03,B5 ,B
117.08,B5 ,B
117.12,B5 ,B
117.17,B5 ,B
117.21,F♯7,C
117.26,B5 ,B
117.31,D3 ,G
117.35,D6 ,G
117.40,D6 ,G
117.45,A7 ,G
117.49,D6 ,G
117.54,D7 ,C
117.59,D6 ,C
117.63,D6 ,C
117.68,B6 ,B
117.73,B5 ,B
117.77,B5 ,G
117.82,B5 ,G
117.86,B5 ,G
117.91,B5 ,G
117.96,B5 ,A#
118.00,A5 ,A
118.05,A5 ,A
118.10,A5 ,A
118.14,A5 ,A
118.19,C4 ,G
118.24,B5 ,G
118.28,B5 ,G
118.33,A5 ,A
118.38,A5 ,A
118.42,F3 ,D
118.47,B5 ,D
118.51,B5 ,D
118.56,G6 ,D
118.61,G6 ,G
118.65,F♯3,C#
118.70,-  ,G
118.75,A5 ,G
118.79,G6 ,G
118.84,G6 ,G
118.89,D3 ,D
118.93,F♯5,D
118.98,F♯5,D
119.03,D5 ,D
119.07,D6 ,D
119.12,D♯3,G
119.16,-  ,G
119.21,D7 ,G
119.26,G5 ,G
119.30,G5 ,G
119.35,D3 ,D
119.40,G5 ,D
119.44,G5 ,D
119.49,G5 ,D
119.54,G6 ,G
119.58,A5 ,G
119.63,A5 ,A
119.68,G5 ,G
119.72,A5 ,G
119.77,G6 ,G
119.81,F♯6,A#
119.86,F♯5,F#
119.91,D3 ,C#
119.95,D6 ,D
120.00,C4 ,C#
120.05,F♯3,C#
120.09,B4 ,G
120.14,B5 ,G
120.19,F♯6,G
120.23,F♯6,G
120.28,E6 ,G
120.33,A4 ,G
120.37,A4 ,G
120.42,A4 ,G
120.47,G3 ,G
120.51,E3 ,G
120.56,A4 ,G
120.60,G5 ,G
120.65,G6 ,G
120.70,A3 ,G
120.74,F♯5,G
120.79,F♯5,G
120.84,D5 ,G
120.88,D5 ,G
120.93,F3 ,G
120.98,-  ,G
121.02,B5 ,G
121.07,B5 ,G
121.12,B5 ,F#
121.16,F♯3,F#
121.21,F♯3,F#
121.25,F♯3,F#
121.30,A5 ,F#
121.35,A6 ,F#
121.39,D♯3,G
121.44,A5 ,G
121.49,A4 ,G
121.53,G6 ,G
121.58,G6 ,G
121.63,F♯5,F#
121.67,F♯5,F#
121.72,F♯3,F#
121.77,D5 ,F#
121.81,D5 ,G
121.86,-  ,G
121.90,B4 ,G
121.95,B5 ,G
122.00,B5 ,G
122.04,B6 ,E
122.09,E3 ,E
122.14,E6 ,E
122.18,A5 ,E
122.23,E6 ,E
122.28,B3 ,E
122.32,-  ,G
122.37,G6 ,G
122.42,F♯5,G
122.46,F♯5,F#
122.51,F3 ,E
122.55,D6 ,E
122.60,D6 ,E
122.65,B4 ,E
122.69,B4 ,E
122.74,G3 ,E
122.79,-  ,G
122.83,A4 ,G
122.88,A5 ,G
122.93,A6 ,G
122.97,F3 ,E
123.02,D♯7,E
123.07,B4 ,E
123.11,B4 ,E
123.16,B5 ,E
123.21,E3 ,E
123.25,D6 ,G
123.30,D5 ,G
123.34,B4 ,G
123.39,B4 ,G
123.44,C♯3,D
123.48,D3 ,D
123.53,G♯3,D
123.58,E3 ,G
123.62,C♯6,G
123.67,D3 ,G
123.72,E4 ,G
123.76,E4 ,G
123.81,G4 ,G
123.86,G4 ,G
123.90,G4 ,B
123.95,D♯7,B
123.99,A4 ,C
124.04,G3 ,C
124.09,G♯4,C
124.13,D6 ,G
124.18,D6 ,G
124.23,D5 ,G
124.27,D♯7,B
124.32,B4 ,B
124.37,D5 ,C
124.41,D5 ,C
124.46,D5 ,C
124.51,G3 ,G
124.55,G3 ,G
124.60,-  ,G
124.64,A5 ,A
124.69,A5 ,A
124.74,A5 ,A
124.78,A6 ,C
124.83,A5 ,C
124.88,A5 ,C
124.92,A6 ,C
124.97,A6 ,C
125.02,F♯3,G
125.06,B5 ,G
125.11,B5 ,G
125.16,B5 ,G
125.20,B5 ,G
125.25,A5 ,A
125.29,A6 ,A
125.34,A5 ,A
125.39,A5 ,A
125.43,A5 ,A
125.48,E3 ,G
125.53,D6 ,G
125.57,D6 ,A
125.62,B5 ,G
125.67,B5 ,G
125.71,D3 ,D
125.76,A5 ,D
125.81,A5 ,D
125.85,A5 ,D
125.90,G6 ,G
125.95,C♯3,G
125.99,-  ,G
126.04,F♯5,G
126.08,F♯5,G
126.13,F♯5,G
126.18,D3 ,D
126.22,D5 ,D
126.27,D5 ,D
126.32,D6 ,D
126.36,C4 ,C#
126.41,B5 ,G
126.46,B4 ,G
126.50,A5 ,A
126.55,A5 ,G
126.60,A4 ,D
126.64,D3 ,D
126.69,G5 ,D
126.73,F♯5,D
126.78,F♯5,C#
126.83,G3 ,C#
126.87,D6 ,G
126.92,D5 ,G#
126.97,D6 ,G
127.01,D5 ,G#
127.06,D♯3,A#
127.11,D♯7,G#
127.15,B4 ,B
127.20,B4 ,C#
127.25,A3 ,C#
127.29,F♯3,C#
127.34,-  ,G
127.38,B5 ,G
127.43,B5 ,G
127.48,B4 ,G
127.52,G♯3,G
127.57,G3 ,G
127.62,A4 ,G
127.66,A5 ,G
127.71,A6 ,G
127.76,D♯3,G
127.80,A5 ,A
127.85,A5 ,G
127.90,G5 ,G
127.94,G5 ,G
127.99,G3 ,G
128.03,F♯5,G
128.08,D4 ,G
128.13,D5 ,G
128.17,D5 ,G
128.22,-  ,G
128.27,B4 ,G
128.31,B4 ,G
128.36,F♯6,F#
128.41,B4 ,F#
128.45,F3 ,F#
128.50,F♯3,F#
128.55,A4 ,F#
128.59,C♯4,F#
128.64,C♯4,G
128.68,-  ,G
128.73,A5 ,G
128.78,G5 ,G
128.82,A5 ,G
128.87,E3 ,F#
128.92,F♯5,F#
128.96,F♯5,F#
129.01,D6 ,F#
129.06,D6 ,F#
129.10,G3 ,G
129.15,-  ,G
129.20,B4 ,G
129.24,B4 ,G
129.29,B4 ,G
129.34,F3 ,E
129.38,D♯3,E
129.43,A4 ,E
129.47,C4 ,E
129.52,A♯3,E
129.57,E6 ,E
129.61,G5 ,E
129.66,G5 ,E
129.71,F♯5,E
129.75,C♯7,E
129.80,E3 ,E
129.85,D5 ,E
129.89,D5 ,E
129.94,B4 ,E
129.99,B4 ,E
130.03,E5 ,E
130.08,G5 ,G
130.12,G6 ,G
130.17,G♯5,E
130.22,A5 ,E
130.26,A5 ,E
130.31,A5 ,E
130.36,A5 ,E
130.40,A5 ,E
130.45,B5 ,E
130.50,B5 ,E
130.54,B5 ,D
130.59,B5 ,B
130.64,A♯5,D
130.68,G6 ,D
130.73,G♯3,D
130.77,G6 ,D
130.82,G5 ,G
130.87,G5 ,G
130.91,C4 ,G
130.96,E5 ,G
131.01,B5 ,G
131.05,E6 ,G
131.10,B5 ,G
131.15,B5 ,B
131.19,E5 ,C
131.24,G6 ,C
131.29,A5 ,C
131.33,A6 ,C
131.38,G3 ,C
131.42,G5 ,G
131.47,G5 ,G
131.52,G5 ,G
131.56,G5 ,G
131.61,G6 ,G
131.66,B5 ,B
131.70,B5 ,C
131.75,F♯5,C
131.80,B5 ,B
131.84,E3 ,G
131.89,B5 ,C
131.94,B5 ,B
131.98,C6 ,C
132.03,C6 ,C
132.08,C6 ,C
132.12,D6 ,C
132.17,B5 ,C
132.21,B5 ,B
132.26,B5 ,B
132.31,D3 ,B
132.35,B5 ,B
132.40,B5 ,B
132.45,B5 ,B
132.49,B5 ,B
132.54,B5 ,A#
132.59,A5 ,A
132.63,A5 ,A
132.68,A5 ,A
132.73,A5 ,G
132.77,B5 ,G
132.82,A5 ,A
132.86,A5 ,A
132.91,A5 ,A
132.96,A5 ,D
133.00,A5 ,D
133.05,A5 ,D
133.10,D6 ,D
133.14,D6 ,D
133.19,G3 ,C#
133.24,F♯6,G
133.28,F♯6,G
133.33,F♯6,G
133.38,F♯6,G
133.42,F♯6,D
133.47,D3 ,D
133.51,F♯4,D
133.56,D5 ,D
133.61,D5 ,D
133.65,F♯3,C#
133.70,A6 ,G
133.75,D6 ,G
133.79,E6 ,G
133.84,E6 ,G
133.89,E6 ,D
133.93,D♯6,D
133.98,D6 ,D
134.03,D6 ,D
134.07,G6 ,D
134.12,D♯3,C#
134.16,A5 ,G#
134.21,D6 ,G
134.26,D6 ,G
134.30,D6 ,G
134.35,F♯5,A#
134.40,A5 ,G#
134.44,F♯3,C#
134.49,D5 ,D
134.54,D5 ,C#
134.58,-  ,C#
134.63,G5 ,G
134.68,G5 ,G
134.72,B6 ,G
134.77,D6 ,G
134.82,B6 ,G
134.86,G5 ,G
134.91,D4 ,G
134.95,D4 ,G
135.00,C♯4,G
135.05,A5 ,G
135.09,B5 ,G
135.14,B5 ,G
135.19,B5 ,G
135.23,B5 ,G
135.28,G3 ,G
135.33,G3 ,G
135.37,D5 ,G
135.42,D5 ,G
135.47,G3 ,G
135.51,G6 ,G
135.56,G6 ,G
135.60,A6 ,A
135.65,A6 ,F#
135.70,A6 ,F#
135.74,A6 ,F#
135.79,F♯6,F#
135.84,F♯6,F#
135.88,F♯5,F#
135.93,F3 ,G
135.98,F♯6,G
136.02,F♯5,G
136.07,G6 ,G
136.12,G6 ,G
136.16,F♯3,F#
136.21,F♯5,F#
136.25,G5 ,F#
136.30,D6 ,G
136.35,G5 ,G
136.39,D♯3,G
136.44,G5 ,G
136.49,G5 ,G
136.53,D7 ,G
136.58,D7 ,G
136.63,E3 ,E
136.67,E3 ,E
136.72,G5 ,E
136.77,G5 ,E
136.81,A4 ,E
136.86,D♯6,G
136.90,G6 ,G
136.95,F5 ,G
137.00,F♯5,G
137.04,F♯5,E
137.09,D♯3,E
137.14,D6 ,E
137.18,D5 ,E
137.23,D♯7,E
137.28,C4 ,E
137.32,G♯3,G
137.37,E6 ,G
137.42,A5 ,G
137.46,E6 ,E
137.51,F3 ,E
137.56,E3 ,E
137.60,B4 ,E
137.65,B5 ,E
137.69,B5 ,E
137.74,G3 ,E
137.79,D5 ,G
137.83,F♯6,G
137.88,F♯6,F#
137.93,F♯6,F#
137.97,F♯6,F#
138.02,F♯6,D
138.07,E6 ,E
138.11,E5 ,E
138.16,E5 ,E
138.21,E3 ,G
138.25,E4 ,G
138.30,B5 ,G
138.34,B5 ,G
138.39,B5 ,B
138.44,B5 ,B
138.48,B5 ,B
138.53,B5 ,B
138.58,E6 ,C
138.62,C6 ,C
138.67,D3 ,G
138.72,D6 ,G
138.76,G5 ,G
138.81,G5 ,G
138.86,G5 ,G
138.90,D5 ,B
138.95,D5 ,C
138.99,D5 ,C
139.04,F♯5,C
139.09,F♯5,C
139.13,B5 ,G
139.18,B5 ,A
139.23,A5 ,G
139.27,A5 ,C
139.32,C6 ,C
139.37,C6 ,C
139.41,A6 ,B
139.46,A5 ,C
139.51,A6 ,C
139.55,C4 ,G
139.60,B5 ,G
139.64,F♯6,G
139.69,F♯6,G
139.74,B5 ,G
139.78,B5 ,A#
139.83,G5 ,G
139.88,A5 ,A
139.92,A5 ,A
139.97,A5 ,G
140.02,G3 ,G
140.06,D6 ,G
140.11,D6 ,D
140.16,B6 ,G
140.20,D5 ,D
140.25,A5 ,D
140.29,D3 ,D
140.34,D4 ,D
140.39,A5 ,D
140.43,G5 ,G
140.48,D♯3,C#
140.53,F♯6,G
140.57,C♯6,G
140.62,C♯6,F#
140.67,C♯6,C#
140.71,C♯6,D
140.76,C♯6,D
140.81,D5 ,D
140.85,D6 ,D
140.90,D5 ,D
140.95,B5 ,C#
140.99,D6 ,G
141.04,D6 ,A
141.08,E6 ,A
141.13,E6 ,G
141.18,D♯6,D
141.22,A5 ,D
141.27,D5 ,D
141.32,F♯5,C#
141.36,C4 ,C#
141.41,D5 ,C#
141.46,D5 ,D
141.50,D6 ,D
141.55,D6 ,G
141.60,D6 ,G#
141.64,A5 ,A#
141.69,G5 ,G
141.73,D3 ,C#
141.78,D3 ,C#
141.83,G♯3,C#
141.87,G6 ,G
141.92,B4 ,G
141.97,B4 ,G
142.01,B5 ,G
142.06,D6 ,G
142.11,D6 ,G
142.15,A4 ,G
142.20,G4 ,G
142.25,A6 ,G
142.29,F♯3,G
142.34,B5 ,G#
142.38,B5 ,A
142.43,B5 ,G
142.48,B5 ,G
142.52,B5 ,G
142.57,B5 ,G
142.62,B5 ,G
142.66,D5 ,G
142.71,D5 ,G
142.76,D♯3,G
142.80,G6 ,G
142.85,G♯6,G#
142.90,A6 ,A
142.94,A6 ,F#
142.99,A6 ,F#
143.03,G6 ,F#
143.08,F♯6,F#
143.13,A4 ,F#
143.17,F♯5,F#
143.22,-  ,G
143.27,F♯6,G
143.31,F♯5,G
143.36,G5 ,G
143.41,G6 ,G
143.45,F♯6,F#
143.50,F♯5,F#
143.55,F♯5,F#
143.59,D5 ,F#
143.64,F♯6,F#
143.69,G5 ,F#
143.73,G6 ,G
143.78,G5 ,G
143.82,G5 ,E
143.87,G5 ,E
143.92,G6 ,E
143.96,D7 ,E
144.01,D7 ,E
144.06,G5 ,E
144.10,D7 ,E
144.15,D7 ,E
144.20,D7 ,E
144.24,F♯5,G
144.29,F♯5,E
144.34,D7 ,E
144.38,D6 ,E
144.43,D5 ,E
144.47,E5 ,E
144.52,E5 ,E
144.57,E5 ,E
144.61,E6 ,E
144.66,A5 ,D#
144.71,A5 ,E
144.75,A6 ,E
144.80,F3 ,E
144.85,E3 ,E
144.89,F♯6,E
144.94,B5 ,E
144.99,F♯6,E
145.03,F3 ,E
145.08,D6 ,D
145.12,D5 ,D
145.17,D♯7,D
145.22,B4 ,D
145.26,A4 ,D
145.31,D3 ,A
145.36,F♯3,A
145.40,C♯6,G
145.45,C♯6,G
145.50,-  ,G
145.54,G4 ,G
145.59,G4 ,G
145.64,G6 ,G
145.68,G4 ,G
145.73,G4 ,G
145.77,G4 ,G
145.82,G4 ,G
145.87,G4 ,G
145.91,C4 ,G
145.96,-  ,G
146.01,-  ,G
146.05,G5 ,G
146.10,G6 ,G
146.15,G♯3,C
146.19,G5 ,C
146.24,G5 ,C
146.29,G4 ,C
146.33,G4 ,C
146.38,G3 ,G
146.43,-  ,G
146.47,-  ,G
146.52,G6 ,G
146.56,D7 ,G
146.61,G3 ,C
146.66,G3 ,C
146.70,G3 ,C
146.75,G5 ,C
146.80,G3 ,C
146.84,E3 ,G
146.89,-  ,G
146.94,D7 ,G
146.98,-  ,G
147.03,D7 ,G
147.08,D7 ,C
147.12,G5 ,C
147.17,G3 ,C
147.21,G3 ,C
147.26,G3 ,C
147.31,D3 ,G
147.35,-  ,G
147.40,D7 ,G
147.45,-  ,G
147.49,D7 ,C
147.54,G3 ,C
147.59,G5 ,C
147.63,G3 ,C
147.68,G5 ,C
147.73,C♯4,C
147.77,-  ,G
147.82,-  ,G
147.86,G6 ,G
147.91,-  ,G
147.96,A♯3,C
148.00,G5 ,C
148.05,G3 ,C
148.10,G3 ,C
148.14,G3 ,C
148.19,C4 ,G
148.24,-  ,G
148.28,-  ,G
148.33,G6 ,G
148.38,D7 ,G
148.42,G♯3,C
148.47,G3 ,C
148.51,G3 ,C
148.56,G5 ,C
148.61,G3 ,C
148.65,F♯3,G
148.70,-  ,G
148.75,-  ,G
148.79,-  ,G
148.84,D7 ,G
148.89,G3 ,C
148.93,G5 ,C
148.98,-  ,C
149.03,G5 ,C
149.07,D7 ,C
149.12,D♯3,G
149.16,-  ,G
149.21,D7 ,G
149.26,-  ,G
149.30,D7 ,C
149.35,G5 ,C
149.40,G5 ,C
149.44,G3 ,C
149.49,G5 ,C
149.54,G3 ,C
149.58,D♯6,G
149.63,-  ,G
149.68,D7 ,G
149.72,-  ,G
149.77,D7 ,C
149.82,G3 ,C
149.86,G3 ,C
149.91,G3 ,C
149.95,G3 ,C
150.00,C♯4,C
150.05,F♯3,G
150.09,-  ,G
150.14,G6 ,G
150.19,-  ,G
150.23,A3 ,B
150.28,G3 ,C
150.33,G5 ,C
150.37,G5 ,C
150.42,G3 ,C
150.47,G3 ,G
150.51,-  ,G
150.56,-  ,G
150.60,-  ,G
150.65,-  ,G
150.70,G♯3,C
150.74,G3 ,C
150.79,G5 ,C
150.84,G5 ,C
150.88,C4 ,C
150.93,F3 ,G
150.98,-  ,G
151.02,-  ,G
151.07,-  ,G
151.12,-  ,G
151.16,G3 ,B
151.21,-  ,C
151.25,C4 ,C
151.30,G5 ,C
151.35,C4 ,C
151.39,D♯3,G
151.44,-  ,G
151.49,-  ,G
151.53,-  ,G
151.58,-  ,G
151.63,G3 ,C
151.67,G3 ,C
151.72,G3 ,C
151.77,G3 ,C
151.81,G3 ,C
151.86,-  ,G
151.90,-  ,G
151.95,-  ,G
152.00,-  ,G
152.04,A3 ,B
152.09,G3 ,C
152.14,G3 ,C
152.18,G3 ,C
152.23,G3 ,C
152.28,C♯4,C
152.32,-  ,G
152.37,-  ,G
152.42,-  ,G
152.46,-  ,B
152.51,A♯3,C
152.56,G3 ,C
152.60,G3 ,C
152.65,G3 ,C
152.69,G3 ,C
152.74,G3 ,C
152.79,-  ,G
152.83,-  ,G
152.88,-  ,G
152.93,-  ,B
152.97,A3 ,B
153.02,G3 ,C
153.07,G3 ,C
153.11,G3 ,C
153.16,G3 ,C
153.21,E3 ,C
153.25,-  ,G
153.30,-  ,G
153.34,-  ,G
153.39,-  ,B
153.44,G3 ,C
153.48,G3 ,C
153.53,G3 ,C
153.58,G3 ,C
153.62,G3 ,C
153.67,D3 ,G
153.72,-  ,G
153.76,-  ,G
153.81,-  ,G
153.86,-  ,C
153.90,G3 ,C
153.95,G3 ,C
153.99,G3 ,C
154.04,G3 ,C
154.09,C♯4,G
154.13,-  ,G
154.18,-  ,G
154.23,-  ,G
154.27,-  ,G
154.32,A3 ,B
154.37,C4 ,C
154.41,G3 ,C
154.46,G3 ,C
154.51,G3 ,C
154.55,C4 ,C
154.60,-  ,G
154.64,-  ,G
154.69,-  ,G
154.74,-  ,G
154.78,G♯3,C
154.83,G3 ,C
154.88,G3 ,C
154.92,G3 ,C
154.97,G3 ,C
155.02,G3 ,G
155.06,-  ,G
155.11,-  ,G
155.16,-  ,G
155.20,-  ,B
155.25,G3 ,B
155.30,G3 ,C
155.34,G3 ,C
155.39,G3 ,C
155.43,G3 ,C
155.48,E3 ,G
155.53,-  ,G
155.57,-  ,G
155.62,-  ,G
155.67,-  ,C
155.71,G3 ,C
155.76,G3 ,C
155.81,G3 ,C
155.85,G3 ,C
155.90,G3 ,G
155.95,D♯6,G
155.99,-  ,G
156.04,-  ,G
156.08,-  ,G
156.13,F4 ,B
156.18,G3 ,C
156.22,C4 ,C
156.27,C4 ,C
156.32,C4 ,C
156.36,C♯4,C
156.41,-  ,G
156.46,-  ,G
156.50,-  ,G
156.55,-  ,G
156.60,A3 ,B
156.64,C4 ,C
156.69,G3 ,C
156.73,G3 ,C
156.78,G3 ,C
156.83,G♯3,C
156.87,-  ,G
156.92,-  ,G
156.97,-  ,G
157.01,-  ,B
157.06,A♯3,C
157.11,G3 ,C
157.15,G3 ,C
157.20,G3 ,C
157.25,G3 ,C
157.29,F♯3,C
157.34,-  ,G
157.38,-  ,G
157.43,-  ,G
157.48,-  ,B
157.52,G♯3,C
157.57,G3 ,C
157.62,G3 ,C
157.66,G3 ,C
157.71,G3 ,C
157.76,D♯3,C
157.80,-  ,G
157.85,-  ,G
157.90,-  ,G
157.94,-  ,B
157.99,G3 ,B
158.04,G3 ,C
158.08,G3 ,C
158.13,G3 ,C
158.17,G3 ,C
158.22,D♯6,C
158.27,G♯5,C
158.31,-  ,C
158.36,-  ,C
158.41,B3 ,C
158.45,G3 ,C
158.50,-  ,C
158.55,-  ,C
158.59,-  ,C
158.64,F♯6,C
158.69,G6 ,C
158.73,G♯6,C
158.78,A♯6,C
158.82,E6 ,B
158.87,A3 ,C
158.92,-  ,C
158.96,-  ,C
159.01,G3 ,C
159.06,G3 ,C
159.10,G♯7,C
159.15,C6 ,C
159.20,A♯4,C
159.24,E3 ,B
159.29,C♯3,B
159.34,G♯3,B
159.38,C4 ,C
159.43,C4 ,C
159.47,C4 ,C
159.52,G3 ,C
159.57,E6 ,C
159.61,D3 ,C
159.66,D♯3,B
159.71,D3 ,C
159.75,C♯6,C
159.80,C♯4,C
159.85,C4 ,C
159.89,-  ,C
159.94,G3 ,C
159.99,C♯6,C
160.03,D3 ,C
160.08,-  ,G
160.12,-  ,G
160.17,-  ,G
160.22,-  ,B
160.26,G3 ,B
160.31,G3 ,C
160.36,G3 ,C
160.40,G3 ,C
160.45,G3 ,G
160.50,-  ,G
160.54,-  ,G
160.59,-  ,G
160.64,-  ,G
160.68,A♯3,C
160.73,G3 ,C
160.77,G3 ,C
160.82,G3 ,C
160.87,G3 ,C
160.91,C4 ,G
160.96,-  ,G
161.01,-  ,G
161.05,-  ,G
161.10,-  ,B
161.15,G♯3,B
161.19,C4 ,C
161.24,G3 ,C
161.29,-  ,C
161.33,G3 ,C
161.38,G3 ,C
161.43,-  ,G
161.47,-  ,G
161.52,-  ,G
161.56,-  ,C
161.61,G♯3,C
161.66,G3 ,C
161.70,G3 ,C
161.75,G3 ,C
161.80,G3 ,C
161.84,E3 ,G
161.89,-  ,G
161.94,-  ,G
161.98,-  ,G
162.03,-  ,C
162.08,G3 ,C
162.12,-  ,C
162.17,G3 ,C
162.21,G3 ,C
162.26,G3 ,C
162.31,D3 ,C
162.35,-  ,G
162.40,-  ,G
162.45,-  ,G
162.49,-  ,B
162.54,G3 ,C
162.59,G3 ,C
162.63,G3 ,C
162.68,G3 ,C
162.73,C♯4,C
162.77,-  ,G
162.82,-  ,G
162.86,-  ,G
162.91,-  ,G
162.96,G♯3,B
163.00,G3 ,C
163.05,G3 ,C
163.10,G3 ,C
163.14,G3 ,C
163.19,G3 ,C
163.24,-  ,G
163.28,-  ,G
163.33,-  ,G
163.38,-  ,G
163.42,G♯3,B
163.47,G3 ,C
163.51,G3 ,C
163.56,G3 ,C
163.61,G3 ,C
163.65,F♯3,G
163.70,-  ,G
163.75,-  ,G
163.79,-  ,G
163.84,-  ,C
163.89,G3 ,C
163.93,G3 ,C
163.98,G3 ,C
164.03,G3 ,C
164.07,G3 ,C
164.12,D♯3,G
164.17,-  ,G
164.21,-  ,G
164.26,-  ,G
164.30,-  ,B
164.35,F♯3,C
164.40,G3 ,C
164.44,G3 ,C
164.49,G3 ,C
164.54,D♯3,C
164.58,-  ,G
164.63,-  ,G
164.68,-  ,G
164.72,-  ,G
164.77,B3 ,B
164.82,G3 ,C
164.86,-  ,C
164.91,-  ,C
164.95,-  ,C
165.00,C♯4,C
165.05,F♯3,G
165.09,-  ,G
165.14,-  ,G
165.19,-  ,G
165.23,A3 ,C
165.28,G3 ,C
165.33,-  ,C
165.37,-  ,C
165.42,G3 ,C
165.47,G3 ,C
165.51,E3 ,G
165.56,-  ,G
165.60,-  ,G
165.65,-  ,C
165.70,A3 ,C
165.74,-  ,C
165.79,-  ,C
165.84,-  ,C
165.88,C4 ,C
165.93,F3 ,G
165.98,-  ,G
166.02,-  ,G
166.07,-  ,G
166.12,-  ,B
166.16,G♯3,C
166.21,G3 ,C
166.25,-  ,C
166.30,G3 ,C
166.35,G3 ,C
166.39,D♯3,G
166.44,-  ,G
166.49,-  ,G
166.53,-  ,G
166.58,-  ,B
166.63,G3 ,C
166.67,G3 ,C
166.72,G3 ,C
166.77,G3 ,C
166.81,F3 ,C
166.86,-  ,C
166.91,-  ,G
166.95,-  ,G
167.00,-  ,G
167.04,A3 ,B
167.09,G3 ,C
167.14,-  ,C
167.18,-  ,C
167.23,-  ,C
167.28,C4 ,C
167.32,-  ,G
167.37,-  ,G
167.42,-  ,G
167.46,-  ,G
167.51,A3 ,C
167.56,G3 ,C
167.60,-  ,C
167.65,-  ,C
167.69,-  ,C
167.74,G3 ,G
167.79,-  ,G
167.83,-  ,G
167.88,-  ,G
167.93,-  ,B
167.97,G3 ,B
168.02,G3 ,C
168.07,G3 ,C
168.11,G3 ,C
168.16,G3 ,C
168.21,E3 ,G
168.25,-  ,G
168.30,-  ,G
168.34,-  ,G
168.39,-  ,B
168.44,G♯3,B
168.48,-  ,C
168.53,-  ,C
168.58,G3 ,C
168.62,G3 ,C
168.67,D3 ,G
168.72,-  ,G
168.76,-  ,G
168.81,-  ,G
168.86,-  ,C
168.90,G3 ,C
168.95,-  ,C
168.99,-  ,C
169.04,-  ,C
169.09,C4 ,G
169.13,-  ,G
169.18,-  ,G
169.23,-  ,G
169.27,-  ,G
169.32,G♯3,G
169.37,G3 ,C
169.41,-  ,C
169.46,-  ,C
169.51,-  ,G
169.55,C4 ,G
169.60,-  ,G
169.64,-  ,G
169.69,-  ,G
169.74,-  ,G
169.78,A3 ,G
169.83,-  ,C
169.88,-  ,C
169.92,-  ,G
169.97,-  ,G
170.02,G3 ,G
170.06,-  ,G
170.11,-  ,G
170.16,-  ,G
170.20,-  ,G
170.25,-  ,G
170.30,-  ,G
170.34,-  ,G
170.39,-  ,G
170.43,-  ,G
170.48,E3 ,G
170.53,-  ,G
170.57,-  ,G
170.62,-  ,G
170.67,-  ,G
170.71,-  ,G
170.76,-  ,G
170.81,-  ,G
170.85,-  ,G
170.90,F♯3,G
170.95,-  ,G
170.99,-  ,G
171.04,-  ,G
171.08,-  ,G
171.13,-  ,G
171.18,-  ,G
171.22,-  ,G
171.27,-  ,G
171.32,-  ,G
171.36,C♯4,G
171.41,-  ,G
171.46,-  ,G
171.50,-  ,G
171.55,-  ,G
171.60,-  ,G
171.64,-  ,G
171.69,-  ,G
171.73,-  ,G
171.78,-  ,G
171.83,G3 ,G
171.87,-  ,G
171.92,-  ,G
171.97,-  ,G
172.01,-  ,G
172.06,A♯7,G
172.11,-  ,G
172.15,-  ,G
172.20,-  ,G
172.25,-  ,G
172.29,F♯3,G
172.34,-  ,G
172.38,-  ,G
172.43,-  ,G
172.48,-  ,G
172.52,F♯7,G
172.57,F♯6,G
172.62,-  ,G
172.66,-  ,G
172.71,G♯7,G
172.76,D♯3,G
172.80,-  ,G
172.85,-  ,G
172.90,-  ,G
172.94,-  ,G
172.99,D4 ,G
173.04,B3 ,G
173.08,E4 ,G
173.13,B3 ,G
173.17,G♯3,G#
173.22,F3 ,G
173.27,F6 ,F
173.31,D♯4,D#
173.36,A3 ,A#
173.41,G3 ,C#
173.45,A♯3,C#
173.50,A3 ,A
173.55,F3 ,F
173.59,D♯3,F
173.64,D4 ,A#
173.69,A♯3,A#
173.73,G3 ,A#
173.78,C4 ,A#
173.82,G♯3,F
173.87,F3 ,F
173.92,D♯3,F
173.96,F7 ,F
174.01,B3 ,F
174.06,G3 ,F
174.10,C♯4,F#
174.15,A3 ,E
174.20,F3 ,D
174.24,D3 ,D
174.29,F♯3,D
174.34,C♯3,A
174.38,G3 ,A
174.43,E3 ,A
174.47,D3 ,A
174.52,B5 ,G
174.57,F3 ,G
174.61,-  ,G
174.66,-  ,G
174.71,-  ,G
174.75,-  ,G
174.80,A♯7,G
174.85,A♯7,G
174.89,F♯7,G
174.94,F♯7,G
174.99,F♯7,G
175.03,B7 ,G
175.08,B7 ,G
175.12,A♯7,F#
175.17,A♯7,F#
175.22,A♯7,F
175.26,B7 ,D#
175.31,B7 ,C#
175.36,A♯7,C#
175.40,A♯7,G
175.45,A♯7,C#
175.50,A♯7,A#
175.54,C7 ,F#
175.59,F♯7,F#
175.64,F♯7,G
175.68,A♯7,A#
175.73,A♯7,A#
175.78,B7 ,F#
175.82,A♯7,A#
175.87,A♯7,B
175.91,F♯7,F#
175.96,A♯7,G#
176.01,A♯7,A#
176.05,A♯7,A#
176.10,A♯7,A#
176.15,A7 ,A#
176.19,A7 ,A
176.24,B7 ,D#
176.29,A♯7,A#
176.33,A♯7,A#
176.38,A♯7,C#
176.43,F♯7,G
176.47,B7 ,A#
176.52,F♯7,A#
176.56,B7 ,G
176.61,A♯7,A#
176.66,A7 ,F#
176.70,B7 ,F#
176.75,A♯7,C#
176.80,A♯7,A#
176.84,A♯7,A#
176.89,C7 ,F#
176.94,A♯7,A#
176.98,A♯7,F#
177.03,A♯7,A#
177.08,A7 ,A#
177.12,A♯7,A#
177.17,B7 ,F#
177.21,B7 ,G
177.26,B7 ,C#
177.31,A7 ,A#
177.35,F♯7,A#
177.40,A♯7,F#
177.45,A♯7,F#
177.49,B7 ,A#
177.54,F♯7,A#
177.59,A♯7,A#
177.63,A♯7,B
177.68,A♯7,F#
177.73,B7 ,G
177.77,A♯7,A#
177.82,A7 ,A#
177.86,A♯7,A#
177.91,A♯7,F#
177.96,G7 ,F#
178.00,F♯7,C#
178.05,A♯7,G
178.10,B7 ,B
178.14,A♯7,A#
178.19,A♯7,A#
178.24,A♯7,C#
178.28,A♯7,F#
178.33,A♯7,C#
178.38,F♯7,F#
178.42,B7 ,G
178.47,A♯7,A#
178.52,B7 ,B
178.56,A♯7,A#
178.61,A7 ,C#
178.65,A♯7,C#
178.70,A7 ,C#
178.75,A♯7,G
178.79,A♯7,A#
178.84,A♯7,A#
178.89,A♯7,G
178.93,A♯7,G
178.98,B7 ,A#
179.03,F♯7,F#
179.07,A♯7,F#
179.12,C7 ,C
179.17,B7 ,F#
179.21,A♯7,C#
179.26,B7 ,C#
179.30,C♯7,F#
179.35,B7 ,G#
179.40,B7 ,B
179.44,F♯7,F#
179.49,C♯7,C#
179.54,G♯6,C#
179.58,A♯7,A#
179.63,C7 ,C
179.68,-  ,G#
179.72,-  ,C#
179.77,-  ,C
179.82,-  ,C
179.86,-  ,D
179.91,-  ,G#
179.95,F♯7,A#
180.00,F♯4,F#
